x,y,label,sequence
5.3790874,15.803012,0,MHTKIHLPPCILLLLLFSLPSFNVVVGGDGESGNPFTPKGYLIRYWKKQISNDLPKPWFLLNKASPLNAAQYATYTKLVADQNALTTQLHTFCSSANLMCAPDLSPSLEKHSGDIHFATYSDKNFTNYGTNEPGIGVNTFKNYSEGENIPVNSFRRYGRGSPRDNKFDNYASDGNVIDQSFNSYSTSTAGGSGKFTNYAANANDPNLHFTSYSDQGTGGVQKFTIYSQEANAGDQYFKSYGKNGNGANGEFVSYGNDTNVIGSTFTNYGQTANGGDQKFTSYGFNGNVPENHFTNYGAGGNGPSETFNSYRDQSNVGDDTFTTYVKDANGGEANFTNYGQSFNEGTDVFTTYGKGGNDPHINFKTYGVNNTFKDYVKDTATFSNYHNKTSQVLASLMEVNGGKKVNNRWVEPGKFFREKMLKSGTIMPMPDIKDKMPKRSFLPRVIASKLPFSTSKIAELKKIFHAGDESQVEKMIGDALSECERAPSAGETKRCVNSAEDMIDFATSVLGRNVVVRTTEDTKGSNGNIMIGSVKGINGGKVTKSVSCHQTLYPYLLYYCHSVPKVRVYEADILDPNSKVKINHGVAICHVDTSSWGPSHGAFVALGSGPGKIEVCHWIFENDMTWAIAD
3.5689435,15.288468,0,MSFHHLCSSPSSLLHDPLPLCNLLSVYPKSTPRSFLSSYNPNSSHFHSRNLLQATHVSVQEAIPQSEKSKLVDVDLPIPEPTASKSYVWVNPKSPRASQLRRKSYDSRYSSLIKLAESLDACKPNEADVCDVITGFGGKLFEQDAVVTLNNMTNPETAPLVLNNLLETMKPSREVILYNVTMKVFRKSKDLEKSEKLFDEMLERGIKPDNATFTTIISCARQNGVPKRAVEWFEKMSSFGCEPDNVTMAAMIDAYGRAGNVDMALSLYDRARTEKWRIDAVTFSTLIRIYGVSGNYDGCLNIYEEMKALGVKPNLVIYNRLIDSMGRAKRPWQAKIIYKDLITNGFTPNWSTYAALVRAYGRARYGDDALAIYREMKEKGLSLTVILYNTLLSMCADNRYVDEAFEIFQDMKNCETCDPDSWTFSSLITVYACSGRVSEAEAALLQMREAGFEPTLFVLTSVIQCYGKAKQVDDVVRTFDQVLELGITPDDRFCGCLLNVMTQTPSEEIGKLIGCVEKAKPKLGQVVKMLVEEQNCEEGVFKKEASELIDSIGSDVKKAYLNCLIDLCVNLNKLERACEILQLGLEYDIYTGLQSKSATQWSLHLKSLSLGAALTALHVWMNDLSEAALESGEEFPPLLGINTGHGKHKYSDKGLAAVFESHLKELNAPFHEAPDKVGWFLTTSVAAKAWLESRRSAGGVSA
-2.4970117,15.3834915,0,MASNSSSCPTPGGGHLNGYPVPPYAFFFPPMLGGLSPPGALTSLQHQLPVSGYSTPSPATIETQSSSSEEIVPSPPSPPPLPRIYKPCFVCQDKSSGYHYGVSACEGCKGFFRRSIQKNMVYTCHRDKNCIINKVTRNRCQYCRLQKCFDVGMSKESVRNDRNKKKKEAPKPECSESYTLTPEVGELIEKVRKAHQETFPALCQLGKYTTNNSSEQRVSLDIDLWDKFSELSTKCIIKTVEFAKQLPGFTTLTIADQITLLKAACLDILILRICTRYTPEQDTMTFSDGLTLNRTQMHNAGFGPLTDLVFAFANQLLPLEMDDAETGLLSAICLICGDRQDLEQPDKVDMLQEPLLEALKVYVRKRRPSRPHMFPKMLMKITDLRSISAKGAERVITLKMEIPGSMPPLIQEMLENSEGLDTLSGQSGGGTRDGGGLAPPPGSCSPSLSPSSHRSSPATQSP
3.2408514,15.951024,0,MSEDKESDVVGEEEESHVIKEDKELNDASNETLTENGDQLLQMIAELRLENDFLRSQFEGLKDEVAQGRSLQKAEQVEADSAQLKQLQEQVASLSREIDVEKQTRVAAEQALEHLREAYSEADAKSQEYSSKFSQVEQKLDQEIKERDEKYADLDAKFTRLHKRAKQRIQEIQKEKDDLDARFREVNETAERASSQHSSMQQELERTRQQANEALKAMDAERQQLRSANNKLRDTIEELRGSLQPKENKIETLQQSLLDKDQILEDLKKQLQAVEERKQIAVTELSAKHQKNLEGLEAQVVDALSERDKAAETISSLQVLLAEKESKIAEMEAAATGEAARLRAAAETLKGELAHLKSENEKEKETWEASCDALKSKLEIAESNYLQAEIEVAKMRSQLGSEMSMQTQILSTKDAELKGAREEINRLQSEFSSYKIRAHALLQKKDMELAAAKDSEQIKSLEEALKEAEKEVYLVSAERDRAQQDLQSALASLEKELEERAGALKDASEQIKSLEVKLDSTVARNQAEKQAWEEDLRVLEETWRRRCEALTAQNEASPAEGIEKELENAKLRNKRMKEEHESVRELADRLIEEKDREISRLVDEMTNLRKSMESKPVWNKSPSQVHHYGNNNTESQQQDVSNLSTSAAEHQILILARQQAQREEELAQTQRHILALQEEIEELERENRLHSQQEAVLKTELREMERKQKREGVDMTYLKNVILKLLETGEVEALLPVVGMLLQFSPEEIQKCQQAYHSSTTAATTTEATPSPASEGSGLSVFSRFSFS
-2.8407583,14.520225,0,MLGFLSARQTGLEDPLRLRRAESTRRVLGLELNKDRDVERIHGGGINTLDIEPVEGRYMLSGGSDGVIVLYDLENSSRQSYYTCKAVCSIGRDHPDVHRYSVETVQWYPHDTGMFTSSSFDKTLKVWDTNTLQTADVFNFEETVYSHHMSPVSTKHCLVAVGTRGPKVQLCDLKSGSCSHILQGHRQEILAVSWSPRYDYILATASADSRVKLWDVRRASGCLITLDQHNGKKSQAVESANTAHNGKVNGLCFTSDGLHLLTVGTDNRMRLWNSSNGENTLVNYGKVCNNSKKGLKFTVSCGCSSEFVFVPYGSTIAVYTVYSGEQITMLKGHYKTVDCCVFQSNFQELYSGSRDCNILAWVPSLYEPVPDDDETTTKSQLNPAFEDAWSSSDEEG
-2.6397548,14.080359,1,MKETRGYGGDAPFCTRLNHSYTGMWAPERSAEARGNLTRPPGSGEDCGSVSVAFPITMLLTGFVGNALAMLLVSRSYRRRESKRKKSFLLCIGWLALTDLVGQLLTTPVVIVVYLSKQRWEHIDPSGRLCTFFGLTMTVFGLSSLFIASAMAVERALAIRAPHWYASHMKTRATRAVLLGVWLAVLAFALLPVLGVGQYTVQWPGTWCFISTGRGGNGTSSSHNWGNLFFASAFAFLGLLALTVTFSCNLATIKALVSRCRAKATASQSSAQWGRITTETAIQLMGIMCVLSVCWSPLLIMMLKMIFNQTSVEHCKTHTEKQKECNFFLIAVRLASLNQILDPWVYLLLRKILLRKFCQIRYHTNNYASSSTSLPCQCSSTLMWSDHLER
4.846668,17.016462,1,MFTFAAFSALLISLAGVVAQTTGTSVDSSILTKTADSTGPSGFSIPALSELTSGAPTDSTVALYSTFAAGATPTVSGAPVLPTSALTIADYPALDVTPPTNSSLVKDWMAKIDLSKVPSYNVTTGDCSTDAAAISDGRCWWTCGGCTRETDIVECPDKNVWGLSYDDGPSPFTPLLIDYLQEKNIKTTFFVVGSRVLSRPEMLQTEYMSGHQISIHTWSHPALTTLTNEEIVAELGWTMKVIKDTLGVTPNTFRPPYGDIDDRVRAIAAQMGLTPVIWTSYTDGSTTVNFDTNDWHISGGTATGASSYETFEKILTEYAPKLDTGFITLEHDIYQQSVDLAVGYILPQVLANGTYQLKSIINCLGKDTSEAYIETSSNQTTTQITAATGSQSTFFQPIVGTATGAEVSAPSEATGSTAAGSAASTTSGSGASASTGAASNTSSSGSGRSATMGGALIALAAVAVGMVYVA
5.796943,15.864875,0,METNFSFDSNLIVIIIITLFATRIIAKRFLSTPKMVSQETVAHVKDLIGQKEVFVAAKTYCPYCKATLSTLFQELNVPKSKALVLELDEMSNGSEIQDALEEISGQKTVPNVYINGKHIGGNSDLETLKKNGKLAEILKPVFQ
5.04626,16.584848,0,MAPTTATKDDSGYGDERRRELQAFDDTKLGVKGLVDSGVKSIPSIFHHPPEALSDIISPAPLPSSPPSGAAIPVVDLSVTRREDLVEQVRHAAGTVGFFWLVNHGVAEELMGGMLRGVRQFNEGPVEAKQALYSRDLARNLRFASNFDLFKAAAADWRDTLFCEVAPNPPPREELPEPLRNVMLEYGAAVTKLARFVFELLSESLGMPSDHLYEMECMQNLNVVCQYYPPCPEPHRTVGVKRHTDPGFFTILLQDGMGGLQVRLGNNGQSGGCWVDIAPRPGALMVNIGDLLQLVTNDRFRSVEHRVPANKSSDTARVSVASFFNTDVRRSERMYGPIPDPSKPPLYRSVRARDFIAKFNTIGLDGRALDHFRL
-1.7526559,13.664648,0,MPQTVILPGPAPWGFRLSGGIDFNQPLVITRITPGSKAAAANLCPGDVILAIDGFGTESMTHADAQDRIKAAAHQLCLKIDRGETHLWSPQVSEDGKAHPFKINLESEPQDGNYFEHKHNIRPKPFVIPGRSSGCSTPSGIDCGSGRSTPSSVSTVSTICPGDLKVAAKLAPNIPLEMELPGVKIVHAQFNTPMQLYSDDNIMETLQGQVSTALGETPLMSEPTASVPPESDVYRMLHDNRNEPTQPRQSGSFRVLQGMVDDGSDDRPAGTRSVRAPVTKVHGGSGGAQRMPLCDKCGSGIVGAVVKARDKYRHPECFVCADCNLNLKQKGYFFIEGELYCETHARARTKPPEGYDTVTLYPKA
3.597032,17.2332,0,MSAKSENKQSVKALEELLKHLTVCDAAEEADAAKALASFVNGPIEEQDAPSQVFSAISKQLNDKNATARERVLKGLEAVANHGSVAADVEPYLVELLPAVIAKVADKQNAVRDAAIAASKAIVRCTTPYAVKAIVPSVLESIHTTGKWNEKMNSLQLLDVLVEVAPSQLSYSLPQIIPVVSESMWDTKAEVKKQSKETMTKVCTLIANADIDRFIPELINCIAHPEEVPETIHSLGATTFVTEVQAPTLSIMVPLLARGLNERSTPIKRKTAVIIDNMSKLVEDPQVVAPFLPKLLPGLYHIKDTIGDPECRSVVQRAITTLERVGNVVDGKIPEVSTAANPEVCLETLKAVLGEIKVPTNEEVIAKYVANIAAQLVEEKDNENESWVLNITPYLTAFIDEAHIHKIVEQLRTRSIAKIPGGASHAEEEEEGEDLCNCEFSLAYGAKILLNRTRLRLKRGRRYGLCGPNGSGKSTLMRAIVNGQVEGFPTHLRTVYVEHDIDESEADTPSVDFILQDPAVPIKDRDEIVKALKENSFTDELINMPIGSLSGGWKMKLALTRAMFKNPDILLLDEPTNHLDVVNVAWLENFLVNQKDVSSIIVSHDSGFLDHVVQAIIHYERFKLRKYLGNMSEFVKKVPSAKSYYELGASEMEFKFPEPGFLEGVKTKQRAIIKVQHMSFQYPGTSKPQLNDISFQVSLSSRIAVIGPNGAGKSTLIKVLTGELLPTVGEIYQHENCRIAYVAQAAFTHLGHHPDKTPSEYIQWRFQSGEDLEAMDKASRVISEADEEAMKNKIFKIEGTQRKILGIHSRRKLKNSYEYECSFLVGENIGMKSERWVPMMSSDNAWLPRGELMETHAKMVAEVDRAEALKSGQFRPLVRKEIEEHCSLLGLDAELVSHSRIKGLSGGQKVKLVLAACTWLRPHVIVLDEPTNYLDRDSLGALSKGLKNFGGGVVLVTHSREFTEGLTEEVWAVNNGHMTPSGHNWVSGQGSGPRIQEKEEGDTFDAFGNKIEKAKKAKKLTGAELRKKKKERMARRKAGLEVSDDEL
2.8908417,15.95245,0,MAAGSTTLRAVGKLQVRLATKTEPKKLEKYLQKLSALPMTADILAETGIRKTVKRLRKHQHVGDFARDLAARWKKLVLVDRNTGPDPQDPEESASRQRFGEALQEREKAWGFPENATAPRSPSHSPEHRRTARRTPPGQQRPHPRSPSREPRAERKRPRMAPADSGPHRDPPTRTAPLPMPEGPEPAVPGEQPGRGHAHAAQGGPLLGQGCQGQPQGEAVGSHSKGHKSSRGASAQKSPPVQESQSERLQAAGADSAGPKTVPSHVFSELWDPSEAWMQANYDLLSAFEAMTSQANPEALSAPALQEEAAFPGRRVNAKMPVYSGSRPACQLQVPTLRQQCLRVPRNNPDALGDVEGVPYSVLEPVLEGWTPDQLYRTEKDNAALARETDELWRIHCLQDFKEEKPQEHESWRELYLRLRDAREQRLRVVTTKIRSARENKPSGRQTKMICFNSVAKTPYDASRRQEKSAGAADPGNGEMEPAPKPAGSSQAPSGLGDGDGGSVSGGGSSNRHAAPADKTRKQAAKKVAPLMAKAIRDYKGRFSRR
4.795897,15.910411,0,MTETEQTTAPIYPLKRNWTWWYLNDERNKSWEDRLKKVYTFNTVSEFWALYDAIRPPSGLNALCDYNVFRDDIQPMWEVPENSNGGRWLIVIDKGKTPEMVDAIWLEILMALVGEQFGKDMESICGLVCNVRGKGSKISVWTKDCNDDETNMRIGVVLKEKLMAASKDHSKPLFDVIRYEDHESCQKKTSSVVKAKLSLHSSDAPVAEKSAV
-2.128701,15.022051,0,MYSGAGPALAPPAPPPPIQGYAFKPPPRPDFGTSGRTIKLQANFFEMDIPKIDIYHYELDIKPEKCPRRVNREIVEHMVQHFKTQIFGDRKPVFDGRKNLYTAMPLPIGRDKVELEVTLPGEGKDRIFKVSIKWVSCVSLQALHDALSGRLPSVPFETIQALDVVMRHLPSMRYTPVGRSFFTASEGCSNPLGGGREVWFGFHQSVRPSLWKMMLNIDVSATAFYKAQPVIEFVCEVLDFKSIEEQQKPLTDSQRVKFTKEIKGLKVEITHCGQMKRKYRVCNVTRRPASHQTFPLQQESGQTVECTVAQYFKDRHKLVLRYPHLPCLQVGQEQKHTYLPLEVCNIVAGQRCIKKLTDNQTSTMIRATARSAPDRQEEISKLMRSASFNTDPYVREFGIMVKDEMTDVTGRVLQPPSILYGGRNKAIATPVQGVWDMRNKQFHTGIEIKVWAIACFAPQRQCTEVHLKSFTEQLRKISRDAGMPIQGQPCFCKYAQGADSVEPMFRHLKNTYAGLQLVVVILPGKTPVYAEVKRVGDTVLGMATQCVQMKNVQRTTPQTLSNLCLKINVKLGGVNNILLPQGRPPVFQQPVIFLGADVTHPPAGDGKKPSIAAVVGSMDAHPNRYCATVRVQQHRQEIIQDLAAMVRELLIQFYKSTRFKPTRIIFYRDGVSEGQFQQVLHHELLAIREACIKLEKDYQPGITFIVVQKRHHTRLFCTDKNERVGKSGNIPAGTTVDTKITHPTEFDFYLCSHAGIQGTSRPSHYHVLWDDNRFSSDELQILTYQLCHTYVRCTRSVSIPAPAYYAHLVAFRARYHLVDKEHDSAEGSHTSGQSNGRDHQALAKAVQVHQDTLRTMYFA
-3.1167796,16.045412,0,MKTLRSTLLLLLFVPLIKPAPPAPQESPLTFDYAADHLEEAIFSQDYEDKYLDGKNIEEKQTMVRSVKRSLELQKDESVTPAPPKKENDEMPTCLLCVCLSGSVYCEEVDIDAVPPLPKESAYLYARFNKIKKLTAKDFADMPNLRRLDFTGNLIEDIEDGTFSKLALLEELSLAENQLLKLPVLPPKLTLFNAKYNKIKSRGIKANTFKKLNNLSFLYLDHNALESVPPNLPESLRVIHLQFNNITSITDDTFCKANDTRYIRDRIEEIRLEGNPIALGKHPNSFICLKRLPIGTYF
3.8043065,16.76905,0,MLRELGRTATVKAHGRSVLRPVRGPAGRRQVAFTGVRPSVRVFAEAPAAEQAAKAIKLEDVKEGSEYEGTVTTVEEFGAFVNFGANTNGLVHISKLASGFTKNAKDVVQPGQKVTVKVLSVDAEKKRVSLELKSAVAAEASAEESDDIITEPDREGADATDDDEDVEVELEDGQVEVRADLPGFEDIPFVMEEADMDAEMSEAAIAALEADLDGAEIRYELEAPAYMEEVTGKVARIEDYGVFLEFEWNGKTLTGLLAKDEMKVPSSALSAEAQAALRAEWADTGFEMPAFVELPDDELDVKKYYQPGESVPAFVLESSLVDGRGISLTHFTDEEVSAEAVAAYEELEDDEDEELDKMMADAAGLEDEVLAFDPEALMEEDEGEEAGAAADAGDDAEYEGVSADGLEGANGNYALGATRSGLIKGKNGYQVAPMGLPSRPLNDAVTSSGLAILGTSEVDFDGDEVQLVDYWTSEAFDNIPKDVLKKLGLKMSYTEAGEAEFEERADFEATDVPFYLYGGDVESRAKEFVADLLSDDVDEAELPARAGRAPIVLAAAVQNISAAEVKALREKTGAGMMDCKKALAECAGDAEAAAEWLRKKGLSGADKKAGRIAAEGAVARYIHPGSRLGVLLEVNCETDFVAASEKFQALVNELGMIIAATDCICVSPEDVPEEVLAKEREVEMGKEDLANKPEAIRAKIVEGRLQKMRDQVALTNQATLSNPDKTVAELVKETIAAVGENVKIRRFIKYRLGEGLEKKANDFAAEVAQQTQAKAAAPAAPKKEEPKKEEPKKATVAVSAGTVKELRDKTGAGMMDCKKALAENENDMEKATEWLRMKGLAGADKKAGRIAAEGVVASYIHPGSRLGVLLEVNCETDFVAASEKFNELVNYIAMGIVAGQNVQYVSADEIPAEVFEREKQLEMARDDLKGKPDAIRAKIAEGRAKKIATEMCLLDQPFLTDPSKTVAEAIKESIAAIGEKISVRRFVKFQLGEGLEKKSNDFAAEVAAATGAK
3.43769,16.454912,0,MLRSAGRVAAVALLALFALGCVSAAAKPSTDRLVAAIKSKNLSAVVDALSVKGLDVNTPDSTRRLPLVEAARSRDARLVGALLDQGALARVSDGTTTPLHLSMQGGSAAIVKLLLAHGADPNAKDKTGASARSTAAAVKELADLLKQWDARGAMAFEDEPGAWIREERDGQSYYWKPANGESRWAVPPSCAWQRVTVQGHPIKYINSLTGQETTRVPPALAWARVTAADGSALWLNWASRVASAAATAPAELPAELAAELAMHPNRRWYNTATREYVYTDPAYATPWRELVDEASGAPFFFNVETGDTTWELPAALAWTEVIESSSGADGESGSGSEAGPRYFHNTVSGEVAWSAPEGSRHVFVEASAADL
-3.2440703,13.16955,0,MALIRVLANLLILQLSYAQKSSELVVGGDECNINEHRSLVVLFNSSGLICSGTLINQEWVLTAAHCDSKNFQMLFGVHSKKILNEDEQTRDPKEKFICPNKKKDDEKDKDIMLIRLDSPVSNSEHIAPLSLPSSSPTVDSVCRIMGWGTIKPADETYPDVPHCANINILDHTVCRAAYPVLLAGSSTLCAGTQQGGKDTCVGDSGGPLICNGQIQGIVSWGAHPCGQGSKPGVYTKVFDHLDWIKSIIAGNTAVTCPP
3.260055,14.735298,0,MYLETRRAIFVFWIFLQVQGTKDISINIYHSETKDIDNPPRNETTESTEKMYKMSTMRRIFDLAKHRTKRSAFFPTGVKVCPQESMKQILDSLQAYYRLRVCQEAVWEAYRIFLDRIPDTGEYQDWVSICQQETFCLFDIGKNFSNSQEHLDLLQQRIKQRSFPDRKDEISAEKTLGEPGETIVISTDVANVSLGPFPLTPDDTLLNEILDNTLNDTKMPTTERETEFAVLEEQRVELSVSLVNQKFKAELADSQSPYYQELAGKSQLQMQKIFKKLPGFKKIHVLGFRPKKEKDGSSSTEMQLTAIFKRHSAEAKSPASDLLSFDSNKIESEEVYHGTMEEDKQPEIYLTATDLKRLISKALEEEQSLDVGTIQFTDEIAGSLPAFGPDTQSELPTSFAVITEDATLSPELPPVEPQLETVDGAEHGLPDTSWSPPAMASTSLSEAPPFFMASSIFSLTDQGTTDTMATDQTMLVPGLTIPTSDYSAISQLALGISHPPASSDDSRSSAGGEDMVRHLDEMDLSDTPAPSEVPELSEYVSVPDHFLEDTTPVSALQYITTSSMTIAPKGRELVVFFSLRVANMAFSNDLFNKSSLEYRALEQQFTQLLVPYLRSNLTGFKQLEILNFRNGSVIVNSKMKFAKSVPYNLTKAVHGVLEDFRSAAAQQLHLEIDSYSLNIEPADQADPCKFLACGEFAQCVKNERTEEAECRCKPGYDSQGSLDGLEPGLCGPGTKECEVLQGKGAPCRLPDHSENQAYKTSVKKFQNQQNNKVISKRNSELLTVEYEEFNHQDWEGN
-3.447689,13.937403,0,MGDSGKLEATIDRLLNEEKQMRLAENVAGTRKAATEILQLCFDAKDWKLLNEQILNLSKKRGQLKQAVQSMVQQAMQYIDQTPDIETRIELIKTLNNVSAGKIYVEIERARLTKKLAKIKEEQGQIAEAADLMQEVAVETFGAMAKTEKIAFILEQVRLCLDRQDFVRAQILSRKINPRVFDADTKKDKKKPKEGDNMVEEAPADIPTLLELKRIYYELMIRYYSHNNEYIEICRSYKAIYDIPSVKETPEQWIPVLRKICWFLVLAPHDPMQSSLLNATLEDKNLSEIPDFKMLLKQVVTMEVIQWTSLWNKYKDEFEKEKSMIGGSLGDKAGEDLKLRIIEHNILVVSKYYARITLKRLAELLCLSMEEAEKHLSEMVVSKALIAKIDRPSGIVCFQIAKDSNEILNSWAGNLEKLLDLVEKSCHQIHKETMVHKAALRP
-2.047743,16.088985,0,MCPGALWVALPLLSLLAGSLQGKPLQSWGRGSAGGNAHSPLGVPGGGLPEHTFNLKMFLENVKVDFLRSLNLSGVPSQDKTRVEPPQYMIDLYNRYTSDKSTTPASNIVRSFSMEDAISITATEDFPFQKHILLFNISIPRHEQITRAELRLYVSCQNHVDPSHDLKGSVVIYDVLDGTDAWDSATETKTFLVSQDIQDEGWETLEVSSAVKRWVRSDSTKSKNKLEVTVESHRKGCDTLDISVPPGSRNLPFFVVFSNDHSSGTKETRLELREMISHEQESVLKKLSKDGSTEAGESSHEEDTDGHVAAGSTLARRKRSAGAGSHCQKTSLRVNFEDIGWDSWIIAPKEYEAYECKGGCFFPLADDVTPTKHAIVQTLVHLKFPTKVGKACCVPTKLSPISVLYKDDMGVPTLKYHYEGMSVAECGCR
2.4496083,16.466484,0,MEDLLVEVRLDNGAYYKGQVTAVADDGIFVDVDGVPESMKYPFVNVRLPPEETVEVAAPIFEEGMEVEVFTRTNDRETCGWWVGIIKMRKAEIYAVAYIGFETSYTEICELGRLRAKNSNPPITAKTFYQFTLPVPEELREEAQKDGIHKEFQRTIDAGVCNYSRDLDALIVISKFEHTQKRASMLKDMHFRNLSQKVMLLKRTEEAARQLETTKLMSRGNYVEEFRVRDDLMGLAIGSHGSNIQAARTVDGVTNIELEEKSCTFKISGETEESVQRARAMLEYAEEFFQVPRELVGKVIGKNGRIIQEIVDKSGVFRIKVSAIAGDDEQDQNIPRELAHVPFVFIGTVESIANAKVLLEYHLSHLKEVEQLRQEKMEIDQQLRAIQESSMGSTQSFPVTRRSERGYSSDIESVRSMRGGGGGQRGRVRGRGGGGPGGGNGLNQRYHNNRRDEDDYNSRGDHQRDQQRGYNDRGGGDNTGSYRGGGGGAGGPGNNRRGGINRRPPRNDQQNGRDYQHHNHTTEEVRETREMSSVERADSNSSYEGSSRRRRRQKNNNGPSNTNGAVANNNNKPQSAQQPQQQQPPAPGNKAALNAGDASKQNSGNANAAGGASKPKDASRNGDKQQAGTQQQQPSQVQQQQAAQQQQPKPRRNKNRSNNHTDQPSGQQQLAENVKKEGLVNGTS
5.1884646,14.654115,0,MSEPRGRGRARGRAGRGGDGGGPAPRRPGEQAGPSQQSMPPGPRPQPPSGWGPQSSVPPVRAGVPTPTAQAGRASHRVTPTTHEHPGDIDVQQRMQKLELGPHSSGGGDASSVVGRGSRRGGGRVLPETISILRTRPEAVTSKKGTSGTPLDLLANYFTVETTPKWGLYQYHVDISPEEDSTGVRKALMRVHSKTLGGYLFDGTVLYTVNRLHPDPMELYSDRKTDNERMRILIKLTCEVSPGDYHYIQIFNIIIRKCFNLLKLQLMGRDYFDPEAKIDIPEFKLQIWPGYKTTINQYEDRLLLVTEIAHKVLRMDTVLQMLSEYAATKGNNYKKIFLEDVVGKIVMTDYNKRTYRVDDVAWNVSPKSTFKMRDENITYIEYYYKKYNLRIQDPGQPLLISRSKPREIRAGLPELIYLVPELCRQTGLSDEMRANFKLMRSLDVHTKIGPDKRIEKLNNFNRRFTSTPEVVEELATWSLKLSKELVKIKGRQLPPENIIQANNVKYPAGDTTEGWTRDMRSKHLLAIAQLNSWVVITPERQRRDTESFIDLIIKTGGGVGFRMRSPDLVVIRHDGPIEYANMCEEVIARKNPALILCVLARNYADRYEAIKKKCTVDRAVPTQVVCARNMSSKSAMSIATKVAIQINCKLGGSPWTVDIPLPSLMVVGYDVCHDTRSKEKSFGAFVATLDKQMTQYYSIVNAHTSGEELSSHMGFNIASAVKKFREKNGTYPARIFIYRDGVGDGQIPYVHSHEVAEIKKKLAEIYAGVEIKLAFIIVSKRINTRIFVQRGRSGENPRPGTVIDDVVTLPERYDFYLVSQNVREGTIAPTSYNVIEDTTGLNPDRIQRLTYKLTHLYFNCSSQVRVPSVCQYAHKLAFLAANSLHNQPHYSLNETLYFL
-2.4013782,15.38428,0,MEKTLETVPLERKKREKEQFRKLFIGGLSFETTEESLRNYYEQWGKLTDCVVMRDPASKRSRGFGFVTFSSMAEVDAAMAARPHSIDGRVVEPKRAVAREESGKPGAHVTVKKLFVGGIKEDTEEHHLRDYFEEYGKIDTIEIITDRQSGKKRGFGFVTFDDHDPVDKIFLQKYHTINGHNAEVRKALSRQEMQEVQSSRSGRGGNFGFGDSRGGGGNFGPGPGSNFRGGSDGYGSGRGFGDGYNGYGGGPGGGNFGGSPGYGGGRGGYGGGGPGYGNQGGGYGGGYDNYGGGNYGSGNYNDFGNYNQQPSNYGPMKSGNFGGSRNMGGPYGGGNYGPGGSGGSGGYGGRSRY
-2.1711094,14.353504,0,MAEMGSKGVTAGKIASNVQKKLTRAQEKVLQKLGKADETKDEQFEQCVQNFNKQLTEGTRLQKDLRTYLASVKAMHEASKKLNECLQEVYEPDWPGRDEANKIAENNDLLWMDYHQKLVDQALLTMDTYLGQFPDIKSRIAKRGRKLVDYDSARHHYESLQTAKKKDEAKIAKPVSLLEKAAPQWCQGKLQAHLVAQTNLLRNQAEEELIKAQKVFEEMNVDLQEELPSLWNSRVGFYVNTFQSIAGLEENFHKEMSKLNQNLNDVLVGLEKQHGSNTFTVKAQPSDNAPAKGNKSPSPPDGSPAATPEIRVNHEPEPAGGATPGATLPKSPSQLRKGPPVPPPPKHTPSKEVKQEQILSLFEDTFVPEISVTTPSQFEAPGPFSEQASLLDLDFDPLPPVTSPVKAPTPSGQSIPWDLWEPTESPAGSLPSGEPSAAEGTFAVSWPSQTAEPGPAQPAEASEVAGGTQPAAGAQEPGETAASEAASSSLPAVVVETFPATVNGTVEGGSGAGRLDLPPGFMFKVQAQHDYTATDTDELQLKAGDVVLVIPFQNPEEQDEGWLMGVKESDWNQHKELEKCRGVFPENFTERVP
5.647907,15.319404,1,MSYPNNKENSNNIGGGSFSVPSKQPQRVLQQQNTNINNHQTTSTVKSTITKPTTTGATTSTNTSTIPPTTTASSSSSSSSSSSSSSSSSSSSSSSSSQSVPKKKWCIDDFDIGKLLGMGRFGHVYLAREKKSQFIVALKVLFKNQLQTHNIEHQLRREIEIQSHLRHPNILRLFGYFYDDKRVFLIIEFAKGGECFKELQKVGSFNEQTAATYTLQIADALRYCHSKHVIHRDIKPENLLIGVGGEIKIADFGWSVHAPNTKRSTFCGTLEYLPPEVIEKKGYDQTADVWSLGILIFEFLVGRSPFTSDEEKNIFHNIQENDVYYPSSISPEAKDLISRLLVSDPHQRITLKDVINHPWIKKHAHPKSLEPTKLGLPLPSQMTY
-3.033432,15.498733,1,MATKEKLQCLKDFHKDILKPSPGKSPGTRPEDEAEGKPPQREKWSSKIDFVLSVAGGFVGLGNVWRFPYLCYKNGGGAFLIPYFIFLFGSGLPVFFLEIIIGQYTSEGGITCWEKICPLFSGIGYASVVIVSLLNVYYIVILAWATYYLFQSFQKELPWAHCNHSWNTPHCMEDTMRKNKSVWITISSTNFTSPVIEFWERNVLSLSPGIDHPGSLKWDLALCLLLVWLVCFFCIWKGVRSTGKVVYFTATFPFAMLLVLLVRGLTLPGAGAGIKFYLYPDITRLEDPQVWIDAGTQIFFSYAICLGAMTSLGSYNKYKYNSYRDCMLLGCLNSGTSFVSGFAIFSILGFMAQEQGVDIADVAESGPGLAFIAYPKAVTMMPLPTFWSILFFIMLLLLGLDSQFVEVEGQITSLVDLYPSFLRKGYRREIFIAFVCSISYLLGLTMVTEGGMYVFQLFDYYAASGVCLLWVAFFECFVIAWIYGGDNLYDGIEDMIGYRPGPWMKYSWAVITPVLCVGCFIFSLVKYVPLTYNKTYVYPNWAIGLGWSLALSSMLCVPLVIVIRLCQTEGPFLVRVKYLLTPREPNRWAVEREGATPYNSRTVMNGALVKPTHIIVETMM
-3.1266222,15.811622,0,MAMSILKLRNLSALRSAANSARIGVSSRGFSKLAEGTDITSAAPGVSLQKARSWDEGVSSKFSTTPLSDIFKGKKVVIFGLPGAYTGVCSQQHVPSYKSHIDKFKAKGIDSVICVSVNDPFAINGWAEKLGAKDAIEFYGDFDGKFHKSLGLDKDLSAALLGPRSERWSAYVEDGKVKAVNVEEAPSDFKVTGAEVILGQI
-2.9086769,15.056418,0,MNLRCDLLDKKANPNAKALNGFTPLHIACKKNRIKVMELLLKHGASIQAVTESGLTPIHVAAFMGHVNIVSQLMHHGASPNTTNVRGETALHMAARSGQAEVVRYLVQDGAQVEAKAKDDQTPLHISARLGKADIVQQLLQQGASPNAATTSGYTPLHLSAREGHEDVAAFLLDHGASLSITTKKGFTPLHVAAKYGKLEVANLLLQKSASPDAAGKSGLTPLHVAAHYDNQKVALLLLDQGASPHAAAKNGYTPLHIAAKKNQMDIATTLLEYGADANAVTRQGIASVHLAAQEGHVDMVSLLLGRNANVNLSNKSGLTPLHLAAQEDRVNVAEVLVNQGAHVDAQTKMGYTPLHVGCHYGNIKIVNFLLQHSAKVNAKTKNGYTPLHQAAQQGHTHIINVLLQNNASPNELTVNGNTALGIARRLGYISVVDTLKIVTEETMTTTTVTEKHKMNVPETMNEVLDMSDDEGEDAMTGDTDKYLGPQDLKELGDDSLPAEGYMGFSLGARSASDRSYTLNRSSYARDSMMIEELLVPSKEQHLTFTREFDSDSLRHYSWAADTLDNVNLVSSPIHSGFLVSFMVDARGGSMRGSRHHGMRIIIPPRKCTAPTRITCRLVKRHKLANPPPHGERRGISSRLVEMGPAGAQFLGPVIVEIPHFGSMRGKERELIVLRSENGETWKEHQFDSKNEDLTELLNGMDEELDSPEELGKKRICRIITKDFPQYFAVVSRIKQESNQIGPEGGILSSTTVPLVQASFPEGALTKRIRVGLQAQPVPDEIVKKILGNKATFSPIVTVEPRRRKFHKPITMTIPVPPPSGEGVSNGYKGDTTPNLRLLCSITGGTSPAQWEDITGTTPLTFIKDCVSFTTNVSARFWLADCHQVLETVGLATQLYRELICVPYMAKFVVFAKMNDPVESSLRCFCMTDDKVDKTLEQQENFEEVARSKDIEVLEGKPIYVDCYGNLAPLTKGGQQLVFNFYSFKENRLPFSIKIRDTSQEPCGRLSFLKEPKTTKGLPQTAVCNLNITLPAHKKIEKTDRRQSFASLALRKRYSYLTEPGMTSCTVKVRKSQLKEVCKHSIEYFKGISGETLKLVDRLSEEEKKMQSELSDEEESTSRNTSLSETSRGGQPSVTTKSARDKKTEAAPLKSKSEKAGSEKRSSRRTGPQSPCERTDIRMAIVADHLGLSWTELARELNFSVDEINQIRVENPNSLISQSFMLLKKWVTRDGKNATTDALTSVLTKINRIDIVTLLEGPIFDYGNISGTRSFADENNVFHDPVDGWQNETSSGNLESCAQARRVTGGLLDRLDDSPDQCRDSITSYLKGEAGKFEANGSHTEITPEAKTKSYFPESQNDVGKQSTKETLKPKIHGSGHVEEPASPLAAYQKSLEETSKLSKLIIEETKPCVPVSMKKMSRTSPADGKPRLSLHEEEGSSGSEQKQGEGFKVKTKKEIRHVEKKSHS
0.08321287,15.169604,0,MGAASCEDEELEFKLVFGEEKEPPPLGPGGPGEELDSEDTPPCCRLALGEPLPYGAAPIGIPRPPPPRPGMHSPPPRPAPSPGTWESQPARSVRLGGPGGNAGGAGGGRVLECPSIRITSISPTPDPPTSLEDTSETWGDGSPRDYPPPEGFGGYREAGGQGGGAFFSPSPGSSSLSSWSFFSDASDEAALYAACDEVESELNEAASRFGLSSPLPSPRASPRPWTPEDPWSLYGPSSGGRAPEDSWLLLSAPGPVPASPRPASPCGKRRYSSSGTPSSASPALSRRGSLGEEGPEPPPPPPLPLVRDPSSPGPFDYVGAPPTESIPQKTRRTSSEQAVALPRSEEPPSCNGKLPSGTEDSVAAPGALRKEVAGMDYLAVPSPLAWSKARIGGHSPIFRTSALPPLDWPLPSQYEQLELRIEVQPRAHHRAHYETEGSRGAVKAAPGGHPVVKLLGYSEKPLTLQMFIGTADERSLRPHAFYQVHRITGKMVATASYEAVVSGTKVLEMTLLPENNMAANIDCAGILKLRNSDIELRKGETDIGRKNTRVRLVFRVHVPQGGGKVVSVQAASVPIECSQRSAQELPQVETYSPSACSVRGGEELVLTGSNFLPDSKVVFIERGPDGKLQWEEEAAVNRLQSSEVTLTLTIPEYSNKRVSRPVQVYFYVSNGRRKRSPTQSFKFLPVVFKEEPLPDSSLRGFPSTSGPPFGPDVDFSPPRPPYPSYPHEDPAYETPYLSEGFGYSTPALYPQTGPPPSYRSGLRMFPETGGTTGCARLPSVSFLPRPFPGDQYGGQGSSFALGLPFSPPAPFRPPLPSSPPLEDPFHPQSAIHPLPPEGYNEVGPGYTPGEGASEQEKARGGYSSGFRDSVPIQGITLEEVSEIIGRDLSGFPARPGEEPPA
-1.5036047,14.198476,0,MNGQLDLSGKLIIKAQLGEDIRRIPIHNEDITYDELVLMMQRVFRGKLLSNDEVTIKYKDEDGDLITIFDSSDLSFAIQCSRILKLTLFVNGQPRPLESSQVKYLRRELIELRNKVNRLLDSLEPPGEPGPSTNIPENDTVDGREEKSASDSSGKQSTQVMAASMSAFDPLKNQDEINKNVMSAFGLTDDQVSGPPSAPAEDRSGTPDSIASSSSAAHPPGVQPQQPPYTGAQTQAGQIEGQMYQQYQQQAGYGAQQPQAPPQQPQQYGIQYSASYSQQTGPQQPQQFQGYGQQPTSQAPAPAFSGQPQQLPAQPPQQYQASNYPAQTYTAQTSQPTNYTVAPASQPGMAPSQPGAYQPRPGFTSLPGSTMTPPPSGPNPYARNRPPFGQGYTQPGPGYR
-1.0582768,15.26339,0,MQYSHHCEHLLERLNKQREAGFLCDCTVVIGEFQFKAHRNVLASFSEYFGAIYRSTSENNVFLDQSQVKADGFQKLLEFIYTGTLNLDSWNVKEIHQAADYLKVEEVVTKCKIKMEDFAFIASPSSTEISSITGNIELNQQACLLTLRDYNNREKSEVSTDSVQANPKPRALTKKSSQSKKKKKAFSSQKPGQSKAVQYPSDVLESASVELFLETSKLSSPVVEQIIQGNDSSELELTSVVENTFPTQDIVQTVTVKRKRRKSQSHCALKEHSMSNIASVKSPYELENAGEELDARFSKAKPMCNTCGKVFSEASSLRRHMRIHKGVKPYVCHLCGKAFTQCNQLKTHVRTHTGERPYKCELCDKGFAQKCQLVFHSRMHHGEEKPYKCDVCNLQFATSSNLKIHARKHSGEKPYVCDRCGQRFAQASTLTYHVRRHTGEKPYVCDTCGKAFAVSSSLITHSRKHTGEKPYICGICGKSFISSGELNKHFRSHTGERPFICELCGNSYTDIKNLKKHKTKVHSGTDKNPDCSVDDHAVSEQDSVQRSPLSETLDVKPSDMTLPLALPLGTEDHQMLLPVTDSQSPASDTLLRSTVNGYSEPQLIFLQQLY
-3.0928745,13.180952,0,MASGILVNVKEEVTCPICLELLTQPLSLDCGHSFCQACLTANHKKSMLDKGESSCPVCRISYQPENIRPNRHVANIVEKLREVKLSPEGQKVDHCARHGEKLLLFCQEDGKVICWLCERSQEHRGHHTFLTEEVAREYQVKLQAALEMLRQKQQEAEELEADIREEKASWKTQIQYDKTNVLADFEQLRDILDWEESNELQNLEKEEEDILKSLTNSETEMVQQTQSLRELISDLEHRLQGSVMELLQGVDGVIKRTENVTLKKPETFPKNQRRVFRAPDLKGMLEVFRELTDVRRYWVDVTVAPNNISCAVISEDKRQVSSPKPQIIYGARGTRYQTFVNFNYCTGILGSQSITSGKHYWEVDVSKKTAWILGVCAGFQPDAMCNIEKNENYQPKYGYWVIGLEEGVKCSAFQDSSFHTPSVPFIVPLSVIICPDRVGVFLDYEACTVSFFNITNHGFLIYKFSHCSFSQPVFPYLNPRKCGVPMTLCSPSS
4.155172,15.654778,0,MCGILLHYCPNNNYLNDELIEFPEGTEFGDTTCTNESSIFNKIIPYIAARGPNYSSLRAVKAYRISWFSSVLSLRQPFTKQSINVDDRYFLQFNGELYNKEISQGDNDSLYIASMLQNLKEGMGVIDVIKSLEGEYAYTIYDVNSSKLYFGRDPIGRRSLSYSVTPDNELYVASVTGSAGSFQDCIGGVIYEYDTRTKLLNSNQRSHLPYEVTSEIDLNFTSLSEVSKNLYAVLRDSVKKRVESIHPRHIENSPIAVLFSGGIDCSVIVALICEVLQENDYKCGKPVIELLNVSFENPRTGLFPSDTPDRKLSINSAKTLQNLYPNVDIKLVEVDVPYDEYLKWKPFVINLMYPKQTEMDLSIAIAFFFASRGRGFLTSLNGERTPYQRHGIVLFSGLGADELYGGYHKFANKPPHELVEELTRQINNIYDRNLNRDDKVIAHNGVEVRYPFLDEYVIKLSTAEIPINFKVNKLILRKVASQYLKLDGISSEPKRAIQFGAKSAKMTKDGNKHGTDLLKENRNCS
-1.9941984,15.855324,0,MNFTVGFKPLLGDAHNMDNLEKQLICPICLEMFSKPVVILPCQHNLCRKCANDVFQASNPLWQSRGSTTVSSGGRFRCPSCRHEVVLDRHGVYGLQRNLLVENIIDIYKQESSRPLHAKAEQHLMCEEHEDEKINIYCLSCEVPTCSLCKVFGAHKDCEVAPLPTIYKRQKSELSDGIAMLVAGNDRVQAVITQMEEVCQTIEDNSRRQKQLLNQRFETLCAVLEERKGELLQALAREQEEKLQRVRGLIRQYGDHLEGSSKLVESAIQSMEEPQMALYLQQAKELINKVGAMSKVELAGRPEPGYESMEQFSVSVEHVAEMLRTIDFQPGAAGDEEDDDMALDGEEGNAGLEEERLDVPEGSGLH
-1.8135259,15.674384,0,MPSAPRKQSKTYKVPRRPFESARLDAELKLAGEYGLRNKHEIWRVALTLSKIRRAARELLTLDEKDPKRLFEGNAIIRRLVRLGILDETRMKLDYVLALRIEDFLERRLQTQVFKLGLAKSIHHARVLIFQRHIRVGKQIVNVPSFVVRLDTQKHIDFALSSPYGGGRPGRCKRKRLRSQEGGEGEEAEEE
4.8584013,14.9713955,0,MEYIKIAKVSNVVLHRRGTATQGTLHLTTHHLIFESPQLSTEFWFPYPLIYGVHKNPGSTLLSKLTSTNQIQLEGTDSQNYKLYQGKDLWSFVNIKVIGKDYAVFSLDFGGDLHLQARKVYDSILNLTVLSNITQLYAFIYISNNLERKLPSPDSWDIYDPIKEFRRQGLDSKDETCPWRLSTVNEHYEFCPTYPSKLFVPRSTSDILLKHASKFRSQKRIPVLTYHHKATDCNILRSSQPLPGLINQRSIQDEKLVWESFNSFCNKDIRRTKHVIVDARPRTNALAQMALGGGTENMDNYNFFLADNNMGVDKSLKLPTVTRLFLGIDNIHIVSNTAAYMTEVICQGGDLNLPLEQNLIRSQKFSNWLKLNTLILKSVDMLLKSIIFNHSNVLVHCSDGWDRTSQVVSLLEICLDPFYRTFEGFMILVEKDWCSFGHRFLERSGHLNSDIRFHDNTMHSNFNDVDTNGDDLDIGVNTQDDYAEDDEGGEDETNLINLSRISKKFNENFKLNKKSLKFVSPVFQQFLDCVYQLLTQNPDLFEFNERFLRRLVYHLYSCQYGTFLSNSEKEKFQQNLPNKTKSVWDYFRSRRKQFINPNFIQRKRSGMNEHDQNLEEEEKVEWISPDLKKVQWWWQLYGRKDSEMNDELRHKRDSVPISVDKKSKEHSNSDGGKGLNLSIFGFDMFNRK
4.990169,16.236753,1,MGTVEKSSNNDASVTDDIRSAEYYHGMVPRQDAEGFLKREGDFLVRKTEQMPGKVVLAMSVRVTDELCRHFMLNMDPTSNKFYFEHTHQESTISELINWHMTTKTPISAASGAKIRRPMERSPWLINHDSIVANKKLGEGAFGDVFIAELDQGGKQEVAVKTMRAEATREARLRFMKEARLMRKYQHKHVVKLIGVAIHEHPLMIVMEYCPNGSLLSHLKKNKVSLIEKLRFTTEAADGIAYLERSKCIHRDIAARNCLLSAKNELKISDFGMSDNKDEIKDETLEKVPIKWLAPETMQEKVYTHKTDIWTFGVLVWEIYSDGAEPYPGLTKIQTRAKIVVNDYRMKMPDGTHPTVADVVTGTCWQKNPEKRSTMDSIHKKLREFYESKK
3.0585651,15.070612,0,MVVKRKLNCGGSNGFDFPNIPKAPRSSRRKVSGKRSDDESEICAIDLLASLAGKLLEESESSSTSTYASEADNLDHLGGLIKQELEDGYTTKPCKSEFFDPGNPASKSTSENTSVTCLPFSSFENDCILEQTPVSDCKRASGLKSLVGSITEETCVVNEDAGSEQGANTFSLKDPSQLHSQSPESVLLDGDVKLAPCTDQVPNDSFKGYRNHSKLVCRDDDENYCKYYKFSDKCKSYRPLSRVGNRRIMQSVRAISKLKCFEDTRTDGRLKALYRKRKLCYGYNPWKRETIHRKRRLSDKGLVVNYDGGLSSESVSNSPEKGESENGDFSAAKIGLLSKDSRVKFSIKSLRIPELVIEVPETATVGLLKRTVKEAVTALLGGGIRIGVLVQGKKVRDDNNTLSQTGLSCRENLGNLGFTLEPGLETLPVPLCSETPVLSLPTDSTKLSERSAASPALETGIPLPPQDEDYLINLGNSVENNDELVPHLSDIPADEQPSSDSRALVPVLALESDALALVPVNEKPKRTELSQRRTRRPFSVTEVEALVSAVEEVGTGRWRDVKLRSFENASHRTYVDLKDKWKTLVHTASISPQQRRGEPVPQELLDRVLGAHRYWTQHQMKQNGKHQVATTMVVEAGSSM
-3.6647923,14.721861,0,MASSSNYDGILLGMGNPLLDISAVVDDEFLTKYDIKLNNAILAEDKHLPMYDEMSSKFNVEYIAGGATQNSIKVAQWMLQIPGATSYMGSIGKDKYGEAMKKDATAAGVNVHYYEDESAPTGTCGVCVVGGERSLIANLSAANCYKVDHLKKPENWALVEKAKFYYIAGFFLTVSPESIQLVSEHAAANNKVFTMNLSAPFICEFFKDVQEKFLPYMDFVFGNETEARTFSRVHGWETEDVEQIAIKISQLPKATGTYKRTTVITQGADPVVVAEDGKVKKYPVIPLPKEKLVDTNGAGDAFVGGFMSQLVKEKSIEECVKAGCYASNVVIQRSGCTYPEKPDFN
-1.5469913,14.756173,0,MVFTVSCSKMSSIVDRDDSSIFDGLVEEDDKDKAKRVSRNKSEKKRRDQFNVLIKELGSMLPGNARKMDKSTVLQKSIDFLRKHKETTAQSDASEIRQDWKPTFLSNEEFTQLMLEALDGFFLAIMTDGSIIYVSESVTSLLEHLPSDLVDQSIFNFIPEGEHSEVYKILSTHLLESDSLTPEYLKSKNQLEFCCHMLRGTIDPKEPSTYEYVRFIGNFKSLTSVSTSTHNGFEGTIQRTHRPSYEDRVCFVATVRLATPQFIKEMCTVEEPNEEFTSRHSLEWKFLFLDHRAPPIIGYLPFEVLGTSGYDYYHVDDLENLAKCHEHLMQYGKGKSCYYRFLTKGQQWIWLQTHYYITYHQWNSRPEFIVCTHTVVSYAEVRAERRRELGIEESLPETAADKSQDSGSDNRINTVSLKEALERFDHSPTPSASSRSSRKSSHTAVSDPSSTPTKIPTDTSTPPRQHLPAHEKMTQRRSSFSSQSINSQSVGPSLTQPAMSQAANLPIPQGMSQFQFSAQLGAMQHLKDQLEQRTRMIEANIHRQQEELRKIQEQLQMVHGQGLQMFLQQSNPGLNFGSVQLSSGNSNIQQLTPVNMQGQVVPANQVQSGHISTGQHMIQQQTLQSTSTQQSQQSVMSGHSQQTSLPSQTPSTLTAPLYNTMVISQPAAGSMVQIPSSMPQNSTQSATVTTFTQDRQIRFSQGQQLVTKLVTAPVACGAVMVPSTMLMGQVVTAYPTFATQQQQAQTLSVTQQQQQQQQQPPQQQQQQQQSSQEQQLPSVQQPAQAQLGQPPQQFLQTSRLLHGNPSTQLILSAAFPLQQSTFPPSHHQQHQPQQQQQLPRHRTDSLTDPSKVQPQ
-3.4679317,15.942985,0,MATAATEEPFPFHGLLPKKETGAASFLCRYPEYDGRGVLIAVLDTGVDPGAPGMQVTTDGKPKIVDIIDTTGSGDVNTATEVEPKDGEIVGLSGRVLKIPASWTNPSGKYHIGIKNGYDFYPKALKERIQKERKEKIWDPVHRVALAEACRKQEEFDVANNGSSQANKLIKEELQSQVELLNSFEKKYSDPGPVYDCLVWHDGEVWRACIDSNEDGDLSKSTVLRNYKEAQEYGSFGTAEMLNYSVNIYDDGNLLSIVTSGGAHGTHVASIAAGHFPEEPERNGVAPGAQILSIKIGDTRLSTMETGTGLIRAMIEVINHKCDLVNYSYGEATHWPNSGRICEVINEAVWKHNIIYVSSAGNNGPCLSTVGCPGGTTSSVIGVGAYVSPDMMVAEYSLREKLPANQYTWSSRGPSADGALGVSISAPGGAIASVPNWTLRGTQLMNGTSMSSPNACGGIALILSGLKANNIDYTVHSVRRALENTAVKADNIEVFAQGHGIIQVDKAYDYLVQNTSFANKLGFTVTVGNNRGIYLRDPVQVAAPSDHGVGIEPVFPENTENSEKISLQLHLALTSNSSWVQCPSHLELMNQCRHINIRVDPRGLREGLHYTEVCGYDIASPNAGPLFRVPITAVIAAKVNESSHYDLAFTDVHFKPGQIRRHFIEVPEGATWAEVTVCSCSSEVSAKFVLHAVQLVKQRAYRSHEFYKFCSLPEKGTLTEAFPVLGGKAIEFCIARWWASLSDVNIDYTISFHGIVCTAPQLNIHASEGINRFDVQSSLKYEDLAPCITLKNWVQTLRPVSAKTKPLGSRDVLPNNRQLYEMVLTYNFHQPKSGEVTPSCPLLCELLYESEFDSQLWIIFDQNKRQMGSGDAYPHQYSLKLEKGDYTIRLQIRHEQISDLERLKDLPFIVSHRLSNTLSLDIHENHSFALLGKKKSSNLTLPPKYNQPFFVTSLPDDKIPKGAGPGCYLAGSLTLSKTELGKKADVIPVHYYLIPPPTKTKNGSKDKEKDSEKEKDLKEEFTEALRDLKIQWMTKLDSSDIYNELKETYPNYLPLYVARLHQLDAEKERMKRLNEIVDAANAVISHIDQTALAVYIAMKTDPRPDAATIKNDMDKQKSTLVDALCRKGCALADHLLHTQAQDGAISTDAEGKEEEGESPLDSLAETFWETTKWTDLFDNKVLTFAYKHALVNKMYGRGLKFATKLVEEKPTKENWKNCIQLMKLLGWTHCASFTENWLPIMYPPDYCVF
-2.5073943,13.908213,0,MSSHIAKSESKTSLLKAAAASGGSRAPRHSSARDPGLRGRRLPGPCPDSPATCGDPSSRRPLCRPVPRDEGARGSRRGLPQAHCRPRETLPPARGRDGEERGLAPALSLRGSLRSRGRGDPAPAGTPEADPFLHQLRPMLSSAFGQDRSLRPEEIEELREAFREFDKDKDGYINCRDLGNCMRTMGYMPTEMELIELSQQINMNLGGHVDFDDFVELMGPKLLAETADMIGVKELRDAFREFDTNGDGEISTSELREAMRKLLGHQVGHRDIEEIIRDVDLNGDGRVDFEEFVRMMSR
5.459104,16.380203,0,MSSLTDKTRNGALKRNLLRQMLKASVFKFGEFQLKSGQISPIYIDLRECFGHPGLLMLISEAISKQVEISEVQYAGVLGIPYAALPYASVAAGNYLKKPLLIVRKEAKSYGTKKLIEGLYQPNDRLILIEDVVTTGGSILDVVKVLHTENLVASDVFCILDREQGGRQKLQDAGVTLHSLLDMQTVLTFLYSTGAIGDEQWHGIVQALNLPYTSPTKLEINSELENLSSLPYVENVRTPLAERESLTESALIKKILGIMRRKKSNLCLAVDYTTVEQCLQMIELAGPFVLAIKLHADAITDFNEEFTRKLTTMANDMDFIIFEDRKFGDTGNTNLLQLTGAQKIANWADVVTVHAVQGSDSIAGVFRKLAKDPTYRLSGVLLIAQLSTKGSLTALEGYTETAVKIANENRDVISGFITQTRVSACSDLLNWTPGVNLDAKSDSAGQQWRGVDEAIEVQQNDIIIVGRGVTSSSEPVQQLKRYRQIAWDALTRSDDSI
-3.1025422,14.746161,1,MPEETQTQDQPMEEEEVETFAFQAEIAQLMSLIINTFYSNKEIFLRELISNSSDALDKIRYESLTDPSKLDSGKELHINLIPNKQDRTLTIVDTGIGMTKADLINNLGTIAKSGTKAFMEALQAGADISMIGQFGVGFYSAYLVAEKVTVITKHNDDEQYAWESSAGGSFTVRTDTGEPMGRGTKVILHLKEDQTEYLEERRIKEIVKKHSQFIGYPITLFVEKERDKEVSDDEAEEKEDKEEEKEKEEKESEDKPEIEDVGSDEEEEKKDGDKKKKKKIKEKYIDQEELNKTKPIWTRNPDDITNEEYGEFYKSLTNDWEDHLAVKHFSVEGQLEFRALLFVPRRAPFDLFENRKKKNNIKLYVRRVFIMDNCEELIPEYLNFIRGVVDSEDLPLNISREMLQQSKILKVIRKNLVKKCLELFTELAEDKENYKKFYEQFSKNIKLGIHEDSQNRKKLSELLRYYTSASGDEMVSLKDYCTRMKENQKHIYYITGETKDQVANSAFVERLRKHGLEVIYMIEPIDEYCVQQLKEFEGKTLVSVTKEGLELPEDEEEKKKQEEKKTKFENLCKIMKDILEKKVEKVVVSNRLVTSPCCIVTSTYGWTANMERIMKAQALRDNSTMGYMAAKKHLEINPDHSIIETLRQKAEADKNDKSVKDLVILLYETALLSSGFSLEDPQTHANRIYRMIKLGLGIDEDDPTADDTSAAVTEEMPPLEGDDDTSRMEEVD
4.4703155,16.123337,0,MLLGNRPRPQMQRTASITRITIEVDGDQTAGQDSDVSMTVVDGGENYAQRFLSPVNHQRNERKYGGRSSPSSFLVNCGFCKRGLAPGRDIYMYKGDAAFCSIECREQQMEHDEGKTRNRVVLSPSK
4.069868,16.095316,0,MATYKVQIPASFKTSYSFAESLKVSIAISAFSVKVPCEGAANCNSVRLVNSKEPEKYVSDANAIVSFLYWKQEEDLFNSFISSKLSILDWEALQFTPKAYTAKTKEDFAYLLSQLETIFKENEILNEFTPVEVALASDIYFCVLNGAPVREYPLLSAWYLKIEKQKPFVQALKLTFEKTLGQPAVTSTEKIPVSETTRNVNSQHLMRERVPGEKILPKSNERNILITSALPYVNNVPHLGNIVGSTLSADVFARYHRARNHNTLYICGTDEYGTATETKALEEGVSPKELCDKYHALHKEVYDWFEIDFDHFGRTTTPKQTGIAQHIFTKLYNNDYMAIDTMTQLYCEVHQGYLADRYVEGTCPKCGYDDARGDQCDGCGGLLNAFELIDPKCKLDRATPVKRETKHVFLSLDKLQPAVESWAMQSAVEGKWSNNGRSITESWLKEGLRPRCITRDLKWGTPVPLEEFKGKVLYVWFDATIGYISITANYTDEWEKWWRNPEQVKLYQFMGKDNVPFHTVIFPSSLLGTGEKWTMLHHINTTDYLNYETGKFSKSRGVGVFGNTAQDIGLSPSVWRYYLLSSRPETSDTMFTWKEFITRHNSELLANLGNFVNRTLKFTTAKYNGLVPHYLTDPSVGAGKLKADFVKDVNALLAKYNAALEASKLREGLRLAMEISARGNQYLQDNRIDNKCYLYERQKCADAIGYALNLIYLLAAIFYPYMPSTSTSIYKQLNAPAAAIPDTWELCLLPGHRIGEPEYLFTRIDESMEEEWRSKYGGNGSN
3.2464998,15.4295635,0,MVPRDRVNAAAAGGGGEGRLVQSGIVNKKCDKKAPKRIHKSEREKLKRDKQNDLFNELGNLLEPDRQNNGKACVLGETTRILKDLLSQVESLRKENSSLKNESHYVALERNELHDDNSMLRTEILELQNELRTRMEGNPVWSHVNTRPALRVPYPTTGVFPVQHLPHLPVTTTAAFPQQLPVIIEQHYAATPRELQLFPESATSEDSEPSQEHGISDHVTRPQPRYPTPTATLPVNLFPVFPGRQDQQCSSGTSGTNEEDRIGRS
-3.6050715,14.794377,0,MATATSASLFSTVSSSYSKASSIPHSRLQSVKFNSVPSFTGLKSTSLISGSDSSSLAKTLRGSVTKAQTSDKKPYGFKINASYKVAVLGAAGGIGQPLSLLIKMSPLVSTLHLYDIANVKGVAADLSHCNTPSQVRDFTGPSELADCLKDVNVVVIPAGVPRKPGMTRDDLFNINANIVKTLVEAVAENCPNAFIHIISNPVNSTVPIAAEVLKKKGVYDPKKLFGVTTLDVVRANTFVSQKKNLKLIDVDVPVIGGHAGITILPLLSKTKPSVNFTDEEIQELTVRIQNAGTEVVDAKAGAGSATLSMAYAAARFVESSLRALDGDGDVYECSFVESTLTDLPFFASRVKIGKNGLEAVIESDLQGLTEYEQKALEALKVELKASIDKGVAFANKPAAAAAN
4.5665956,17.129221,0,MKLLSVAAVALLAAQAAGASIKHRLNGFTILEHPDPAKRDLLQDIVTWDDKSLFINGERIMLFSGEVHPFRLPVPSLWLDIFHKIRALGFNCVSFYIDWALLEGKPGDYRAEGIFALEPFFDAAKEAGIYLIARPGSYINAEVSGGGFPGWLQRVNGTLRSSDEPFLKATDNYIANAAAAVAKAQITNGGPVILYQPENEYSGGCCGVKYPDADYMQYVMDQARKADIVVPFISNDASPSGHNAPGSGTGAVDIYGHDSYPLGFDCANPSVWPEGKLPDNFRTLHLEQSPSTPYSLLEFQAGAFDPWGGPGFEKCYALVNHEFSRVFYRNDLSFGVSTFNLYMTFGGTNWGNLGHPGGYTSYDYGSPITETRNVTREKYSDIKLLANFVKASPSYLTATPRNLTTGVYTDTSDLAVTPLIGDSPGSFFVVRHTDYSSQESTSYKLKLPTSAGNLTIPQLEGTLSLNGRDSKIHVVDYNVSGTNIIYSTAEVFTWKKFDGNKVLVLYGGPKEHHELAIASKSNVTIIEGSDSGIVSTRKGSSVIIGWDVSSTRRIVQVGDLRVFLLDRNSAYNYWVPELPTEGTSPGFSTSKTTASSIIVKAGYLLRGAHLDGADLHLTADFNATTPIEVIGAPTGAKNLFVNGEKASHTVDKNGIWSSEVKYAAPEIKLPGLKDLDWKYLDTLPEIKSSYDDSAWVSADLPKTKNTHRPLDTPTSLYSSDYGFHTGYLIYRGHFVANGKESEFFIRTQGGSAFGSSVWLNETYLGSWTGADYAMDGNSTYKLSQLESGKNYVITVVIDNLGLDENWTVGEETMKNPRGILSYKLSGQDASAITWKLTGNLGGEDYQDKVRGPLNEGGLYAERQGFHQPQPPSESWESGSPLEGLSKPGIGFYTAQFDLDLPKGWDVPLYFNFGNNTQAARAQLYVNGYQYGKFTGNVGPQTSFPVPEGILNYRGTNYVALSLWALESDGAKLGSFELSYTTPVLTGYGNVESPEQPKYEQRKGAY
2.047041,15.382381,0,MRSGEPACTMDQARGLDDAAARGGQCPGLGPAPTPTPPGRLGAPYSEAWGYFHLAPGRPGHPSGHWATCRLCGEQVGRGPGFHAGTSALWRHLRSAHRRELESSGAGSSPPAAPCPPPPGPAAAPEGDWARLLEQMGALAVRGSRRERELERRELAVEQGERALERRRRALQEEERAAAQARRELQAEREALQARLRDVSRREGALGWAPAAPPPLKDDPEGDRDGCVITKVLL
4.6372056,15.836379,0,MKGTGGVVVGTQNPVRDYNHSTDEEYQRLRRLADEAYKKRDQLSHESQTAYQQGDKKLAHELSEKSKAQLKTAEDFNMQAAEYVFVENNADSSSNEIDLHGLYVKEALFILQKRIKFAIDHNEPQLNVIVGKGLHSQNGIAKLKPSIEEFCAKHGIRNHLEKGNSGVLVLELQGVQMQMDGPAVNAPTNQYNAQPHPQYNNNGGQPQGQAQNYNNSGNDNKDSTLTSIFKIFCNCIQSLA
1.3438464,16.322006,0,MSFAEEFEANLVSLAHVLQKKYALLRDLDKSLQENQRQNEQRCEKEIEDIRRGRAGNITPNTSLTKFSEEALDEQKHSVRIADEKVTLAMQAYDLVDMHVQQLDQYMKKSDEVIRKEKEAAAATLELENNGKAGNAGEGGRGGRKKTRLATAASTAAASTGMTSSNMDLDLPVDPNEPTYCICNQVSFGEMVACDNNACKIEWFHFGCVGLKEQPKGKWYCPECATVKKSRKGR
-2.7061625,16.172586,1,MVDPNGNESSATYFILIGLPGLEEAQFWLAFPLCSLYLIAVLGNLTIIYIVRTEHSLHEPMYIFLCMLSGIDILISTSSMPKMLAIFWFNSTTIQFDACLLQMFAIHSLSGMESTVLLAMAFDRYVAICHPLRHATVLTLPRVTKIGVAAVVRGAALMAPLPVFIKQLPFCRSNILSHSYCLHQDVMKLACDDIRVNVVYGLIVIISAIGLDSLLISFSYLLILKTVLGLTREAQAKAFGTCVSHVCAVFIFYVPFIGLSMVHRFSKRRDSPLPVILANIYLLVPPVLNPIVYGVKTKEIRQRILRLFHVATHASEP
0.14549766,15.636928,0,MSTFGYRRELSKYEDIDEDELLASLTEEELKELERELEDIEPDRNLPVGQRQKSLTEKTPTGTFSREALMAYWERETRKLLEKERLGACEKDSEQEEDNSEDIQEECFTESNSEVSEEAYTEEDDEEEEEEEEEEEDEDDSDDEDEEKQNSAASERPVNCEDGRSSSHVRHKKCSNAKNSENLFNGHDGKDTENLSFKSSAIHPCGNPTVIEDALEKVRSNDPETTEVNLNNIENITSQMLIQFSQALRDNTVVKSFSLANTHADDNVAIAIAGMLKVNQHITSLNIESNFITGKGVLAIMRALQHNKVLTELRFHNQRHIMGSQVEMDIVKLLKENTTLVKLGYHFDLAGPRMSMTSILTRNMDKQRQKRMQEQRQQEYGCDGAINPKTKVLQKGTPRSSPYTSPKSSPWSSPKLPRKSAPAKSQPPAPAPPPPPPPPPPPPPPPPPVIPDKKAPTRNIAEVIKQQESSRKALQNGQKKKKGKKGKKHENSILKEIKDSLKSVSDRKSEEGSRPSTRPSTPQRSLHDNLMEAIRASSIKQLRRVEVPEALR
3.875799,15.840984,0,MEVLASSSLSPISFTKPNKINPNFSIQVKLWVKQPPKISKASKFSYARSRSNISRSNAANPGVVFVCNRFLCVIERNDQRKLSGKVMMKSSVNFRQNLSVALVRIVSVLLVSSISVVTTDSPPSWGLTEENLLFLEAWRTIDRAYIDKTFNGQSWFRYRETALRNEPMNTREETYMAIKKMVATLDDPFTRFLEPGKFKSLRSGTQGAVTGVGLSIGYPTASDGPPAGLVVISAAPGGPANRAGILPGDVIQGIDNTTTETLTIYDAAQMLQGPEGSAVELAIRSGPETRLLTLTRERVSVNPVKSRLCELPGSGSNSPKIGYIKLTTFNQNASSAVREAIETLRGNNVNAFVLDLRDNSGGSFPEGIEIAKFWLDKGVIVYICDSRGVRDIYDTDGSNAIATSEPLAVLVNKGTASASEILAGALKDNKRALVYGEPTYGKGKIQSVFELSDGSGLAVTVARYETPAHTDIDKVGVTPDHPLPKSFPKDEEAFCGCLKDPTAACYLNQGLLFSR
5.1934376,15.34518,0,MPSDILVVAALGRPFTLGMLYDARNDKLIPGFTLWEDEVIEESTLESSQPSSAFEIIASDSTDDKSSLMDIEASLKASFLGGLVEVGGSAKYLNNQKKFKNQSRVTLQYKATTSFKQLMTNLGTKHVEYSELFENIQATHVVIGILYGANAFFVFDSNKVDSTNVQEIQGQMEAVIKKIPSVEISGKASVQLTGEETDITNSFSCEFHGDFFLTTNPTTFEDAVKTYQQLPQMMGKDNAVPMTVWLVPMVNFYSEAPQLMADSSTPILRKVRNTLEAIVQVQMRCNDALDDPTVNLFTEVQKKLSDFQKICDDHMSKLQATIAKKLFAIRSGDEDESALLNLFEENLQSPFNIESLNMWMEFEEREINVLRSCMDILTKAKPKVIFNQGVLFKGLYDSKVKHALCYVFTNVTKNDVFLNVLNEFLDSPQSRPKKLRPSPKDYWYSYDDIPETMREKAYLFRNLAKEMNNRCVHFFVTAIHNPKQEGAGIHYYRESIQIIDEFTKPYMPGVESIKDRRELQWYDCELTLDPETAHQVLTLSEGNKKAVSGNTKSPTDHLEKFSHFQQVMCTKGLSGRHYWELEWSGYVGAGVTYKGIGRKTSTSDSSLGKNEKSWLFEYSTKSGYQQIHNSKKTRVTVSSTGFKLLGVYLDWPAGTLSFYMVNKAWVTHLHTFHTKFNEAVYPAFLIGDAQQKVNGQIKLL
4.3446126,14.746218,1,MSNEAYQHDHTVNPHQKIVVNSYDWLQFRDEQDHCKSKNPITHASPGVGSNAQNSDIAEAPQVFHPSYQSLVNVPSESPRPDQTSGSNPAVGLLHNAEDKASGQEEEGSQYEIQYSVFRPLHAYPTKGLAYEQLRRKEEQEQRENFNHLVSDCIEAVETFGRELERIQTGSSGSYFVYGTRADESVPVGVFKPKDEEPYGPFSPKWTKWAHRTFFPCLFGRSCLIPNLGYICESAASLLDRRLETHLVPYTDTASIESFNFYDNRKKWVLGYNLQKKKQKKLGSFQLFLKEYINADEFFHKYPLPGMYSDVKHSFHRKSSGEDINHKPETTRNLTDETEPSKQINSSPISTESEENSKFEWTESSLSQFRLELEKLIILDYIMRNTDRGLDNWMVKLIKLSNNKWRLKLAAIDNGLSFPWKHPDEWRLYPYGWLYLPLQLLAKPFSEQMRSHFLPILTSTNWWEESYQEFLALFSRDQDFNVRMWKKQWAVLKGQAFNVVETLKDPRQGPLELVRRTRCQVIDEKMQVPCCPPPVSIFKNAIDEPIGSYSTSPMVLPSTPSTIPFHAHNQSNSNPVYYDSTLHPFANKTVIAERLQIVNSTPVFTWC
4.5702195,14.545258,0,MNMEQEDDQVPAVAAETVPLKRYVTNPGANRDEEVAAAPSSQDTPYFDYAYERSLRHQDAKFLAMNGTQNGRDGLPSKSPRRPSVSASTVRNSDDVNHSKAGPGSGKLLNDTLQSKISSIHMPHVQQGDNAVVSSVGGPETDPGNMETTDPLFSDELAEIYLSIHKCMDMRHKYIRVSLQGELDNPIDDDSWIIYPDCKEGEDDTGLFNFADCKIPGIENEMEYHMDHQGIFQVYENDSAYIAGTPSFHIPTIRDYYIDLEFLLSASSDGPSKSFSFRRLQYLEGRWNMYMLLNEYQELADTKKVPHRDFYNVRKVDTHVHHSALANQKHLLRFIKAKLRKCPNEKVIWRDGKFLTLQEVFDSLKLTSYDLSIDTLDMHAHTDTFHRFDKFNLKYNPIGESRLRTIFLKTDNDINGRYLAELTKEVFTDLRTQKYQMAEYRISIYGRNREEWDKLAAWIIDNELFSPNVRWLIQVPRLYDVYKKSGIVETFEEVVRNVFEPLFEVTKDPRTHPKLHVFLQRVIGFDSVDDESKPERRTFRKFPYPKHWDINLNPPYSYWLYYMYANMTSLNSWRKIRGFNTFVLRPHCGEAGDTDHLASAFLLSHGINHGILLRKVPFLQYLWYLDQIPIAMSPLSNNALFLAYDKNPFLTYFKRGLNVSLSTDDPLQFAFTREPLIEEYAVAAQIYKLSAVDMCELARNSVLQSGFERQLKERWLGVDFQDIDRTNVPIIRLAYRALTLTQEIALVNKHVQPSKHPSNHDLEELIHKYDAMTGTSDPLSASPRTNDATISSRLSLHDGHDHGAFFPGLSVISERRRRKDSMASSSQDLKD
-0.8154428,14.60436,0,MAAELAMGAELPSSPLAIEYVNDFDLMKFEVKKEPPEAERFCHRLPPGSLSSTPLSTPCSSVPSSPSFCAPSPGTGGGAGGGGSAAQAGGAPGPPSGGPGTVGGASGKAVLEDLYWMSGYQHHLNPEALNLTPEDAVEALIGSGHHGAHHGAHHPAAAAAYEAFRGQSFAGGGGADDMGAGHHHGAHHTAHHHHSAHHHHHHHHHHGGSGHHGGGAGHGGGGAGHHVRLEERFSDDQLVSMSVRELNRQLRGFSKEEVIRLKQKRRTLKNRGYAQSCRFKRVQQRHILESEKCQLQSQVEQLKLEVGRLAKERDLYKEKYEKLAGRGGPGGAGGAGFPREPSPAQAGPGAAKGAPDFFL
-2.4218457,13.438553,1,MAPSGSGGVRRRCRRVLYWIPVVFISLLLGWSYYAYAIQLCIVSMENIGEQVVCLMAYHLLFAMFVWSYWKTIFTLPMNPSKEFHLSYAEKELLEREPRGEAHQEVLRRAAKDLPIYTRTMSGAIRYCDRCQLIKPDRCHHCSVCDKCILKMDHHCPWVNNCVGFSNYKFFLLFLAYSLLYCLFIAATDLQYFIRFWTNGLPDTQAKFHIMFLFFAAAMFSVSLSSLFGYHCWLVSKNKSTLEAFRNPVFRHGTDKNGFSLGFSKNMRQVFGDEKKYWLLPVFSSQGDGCSFPTCLVNQDPEQPSTPAGLNSTVKNPENHQFPAKPLRESQSHLLKDSQTWTESSANPGKGKAGMSNPALTMENET
-3.5745425,13.551348,0,MESSNFSSGVRTESSVKPRGALIVLEGLDRSGKSTQCAKLLSFLNGLGHPTELWRFPDRETSVGQMISAYLSNKSQLDDHTIHLLFSANRWEKRSLMEEKLKTGTTLIVDRYSYSGVAFSSAKGLDIEWCKAPEIGLLAPDSVLYLDISPERAAERGGYGDERYERVEFQKKVADFYQTLGDSSWKIINASDAMEEVEKKIQQVVLDQVKECTEGKPLSLLWSS
5.2173553,16.019258,0,MRSILVLVALIGCIAAGVYKIPLKRITPPMIKMLRAGTWETYVEGMRKRQLQLLKEHKVHIQDVLGYANMEYLGEITIGTPQQKFLVVLDTGSSNLWVPDDSCYKEKRPDRCLVSNCDAGLVCQVFCPDPKCCEHTREFKQVNACKDKHRFDQKNSNTYVKTNKTWAIAYGTGDARGFFGRDTVRLGAEGKDQLVINDTWFGQAEHIAEFFSNTFLDGILGLAFQELSEGGVAPPIIRAIDLGLLDQPIFTVYFENVGDKEGVYGGVFTWGGLDPDHCEDEVTYEQLTEATYWQFRLKGVSSKNFSSTAGWEAISDTGTSLNGAPRGILRSIARQYNGQYVASQGLYVVDCSKNVTVDVTIGDRNYTMTAKNLVLEIQADICIMAFFEMDMFIGPAWILGDPFIREYCNIHDIEKKRIGFAAVKH
3.0152807,15.607382,0,MAPGRKRGASKAKAKGQLVLGDLVLAKVKGFPAWPAKISRPEDWDRAPDPKKYFVQFFGTEEIAFVAPPDIQAFTSEAKSKLLARCQGKTVKYFAQAVEQICTAFEGLQNHKSNALGDEDSLDATEPGLTKAEIVDGTDHIVIESERTDNFNFRVDPCFPKLDENNGEERKAEIRKLDSSSFLESKVKTTSPVSESLEHSSFDPKIKKEDFDKGTDGSACNEHFGNGQKKLANGKRIKKEAGGSDRKGEDTVHRDKSNNSHVPGGRTASGNSDSKKSKGLLTEKTSSKVSADKHENSPGIKVGVSGKKRRLESEQGKLAPRVDESSRAAKKPRCESADNKVKCEIDDGSDSTGTVSDIKREIVLGLGARGGNFQYDKEAVAYTKRQRQTMEHATSPSFSGSRDKSGKGHLEQKDRSSPVRNVKAPAAQSLKKRRAVCIYDEDDDEDPKTPLHGKPAIVPQAASVLTDGPKRANVCHSTSTKAKISAGSTESTEVRKFPLRKHCEDASRVLPSNAENSTNSLPVVKPINELPPKDVKQILQSPKMSPQLVLTNKHVAGQHKVVKSSVKVSGVVMAKKPQSDSCKEAVAGSDKISSSQSQPANQRHKSASVGERLTVVSKAASRLNDSGSRDMSEDLSAAMLDLNREKGSATFTSAKTPDSAASMKDLIAAAQAKRKLAHTQNSIFGNLNPSFLSISDTQGRSHSPFMVQNASASAAISMPLVVQGHHQQGSSPSNHGHQSLSRNQIETDDNEERRLSSGHKSVGGSLSCSTEAAISRDAFEGMLETLSRTRESIGRATRLAIDCAKYGLASEVVELLIRKLESESHFHRKVDLFFLVDSITQHSHSQKGIAGASYVPTVQAALPRLLGAAAPPGTGASDNRRKCLKVLKLWLERKVFPESLLRRYIDDIRASGDDATGGFSLRRPSRSERAVDDPIREMEGMLVDEYGSNATFQLPGFFSSHNFEDDEEDDDLPTSQKEKSTSAGERVSALDDLEIHDTSSDKCHRVLEDVDHELEMEDVSGQRKDVAPSSFCENKTKEQSLDVMEPVAEKSTEFNPLPEDSPPLPQESPPPLPPLPPSPPPPSPPLPPSSLPPPPPAALFPPLPPPPSQPPPPPLSPPPSPPPPPPPPSQSLTTQLSIASHHQIPFQPGFPPPTYPLSHQTYPGSMQQDRSSIFTGDQIVQGPGNSSRGGLVEGAGKPEYFVQQSSSFSPAGVCSSREPSSFTSSRQLEFGNSDVLFNPEASSQNHRFQPSTPLSQRPMVRLPSAPSSHFSYPSHIQSQSQHSYTHPYPFPPQRDDARRYRNEEPWRIPSSGHSAENQNGAWIHGRNSHPGLPRVTDSFFRPPPERPPSGTMNYQPSAASNLQAVPAIPGHTAPQMLPSRPDIPTVNCWRPA
-2.505992,14.83759,0,MDFDKKGGKGETEEGRRMSKAGGGRSSHGIRSSGTSSGVLMVGPNFRVGKKIGCGNFGELRLGKNLYTNEYVAIKLEPIKSRAPQLHLEYRFYKQLSATEGVPQVYYFGPCGKYNAMVLELLGPSLEDLFDLCDRTFTLKTVLMIAIQLITRMEYVHTKSLIYRDVKPENFLVGRPGTKRQHAIHIIDFGLAKEYIDPETKKHIPYREHKSLTGTARYMSINTHLGKEQSRRDDLEALGHMFMYFLRGSLPWQGLKADTLKERYQKIGDTKRATPIEVLCENFPEEMATYLRYVRRLDFFEKPDYDYLRKLFTDLFDRSGFVFDYEYDWAGKPLPTPIGTVHTDLPSQPQLRDKTQPHSKNQALNSTNGELNADDPTAGHSNAPITAPAEVEVADETKCCCFFKRRKRKSLQRHK
-3.6117465,13.512379,0,MSVSALSSTRFTGSISGFLQVASVLGLLLLLVKAVQFYLQRQWLLKAFQQFPSPPFHWFFGHKQFQGDKELQQIMTCVENFPSAFPRWFWGSKAYLIVYDPDYMKVILGRSDPKANGVYRLLAPWIGYGLLLLNGQPWFQHRRMLTPAFHYDILKPYVKNMADSIRLMLDKWEQLAGQDSSIEIFQHISLMTLDTVMKCAFSHNGSVQVDGNYKSYIQAIGNLNDLFHSRVRNIFHQNDTIYNFSSNGHLFNRACQLAHDHTDGVIKLRKDQLQNAGELEKVKKKRRLDFLDILLLARMENGDSLSDKDLRAEVDTFMFEGHDTTASGVSWIFYALATHPEHQQRCREEVQSVLGDGSSITWDHLDQIPYTTMCIKEALRLYPPVPGIVRELSTSVTFPDGRSLPKGIQVTLSIYGLHHNPKVWPNPEVFDPSRFAPDSPRHSHSFLPFSGGARNCIGKQFAMSEMKVIVALTLLRFELLPDPTKVPIPLPRLVLKSKNGIYLYLKKLH
-3.7268445,14.371431,0,MATTMNAAVSLTSSNSSSFPATSCAIAPERIRFTKGAFYYKSNNVVTGKRVFSIKAQITTETDTPTPAKKVEKVSKKNEEGVIVNRYRPKEPYTGKCLLNTKITADDAPGETWHMVFSHQGEIPYREGQSVGVIADGIDKNGKPHKVRLYSIASSALGDLGNSETVSLCVKRLVYTNDQGETVKGVCSNFLCDLAPGSDVKLTGPVGKEMLMPKDPNATVIMLATGTGIAPFRSFLWKMFFEKHDDYKFNGLAWLFLGVPTTSSLLYQEEFDKMKAKAPENFRVDYAISREQANDKGEKMYIQTRMAQYAAELWELLKKDNTFVYMCGLKGMEKGIDDIMVSLAANDGIDWFDYKKQLKKAEQWNVEVY
-2.0331101,13.23578,0,MEVTGISAPTVMVFISSSLNSFRSEKRYSRSLTIAEFKCKLELVVGSPASCMELELYGADDKFYSKLDQEDALLGSYPVDDGCRIHVIDHSGVRLGEYEDVSKVEKYEISPEAYERRQNTVRSFMKRSKLGPYNEELRAQQEAEAAQRLSEEKAQASAISVGSRCEVRAPDHSLRRGTVMYVGLTDFKPGYWVGVRYDEPLGKNDGSVNGKRYFECQAKYGAFVKPSAVTVGDFPEEDYGLDEM
-1.861139,13.46756,0,MSMLCYTLIIAFLIGIWAAPKSEDNVSLGSPATPDLSDTSCAKTHEALKTSRNTDQHYPAPKKAEDQEFGSAANIIVDPKLFQKRRFQSPRVLFSTQPPPLSRDEQSVEFLDNADSLNRNIRAKRATHPVHNRGEFSVCDSVSVWVANKTTATDIRGNVVTVMVDVKLNNNVYRQYFFETKCKNPSPVSSGCRGIDAKHWNSYCTTTDTFVRALTMEGNQASWRFIRIDTACVCVISRKNDNFG
-0.745669,14.883708,0,MATFPCQLCGKTFLTLEKFTIHNYSHSRERPYKCVQPDCGKAFVSRYKLMRHMATHSPQKSHQCAHCEKTFNRKDHLKNHLQTHDPNKMAFGCEECGKKYNTMLGYKRHLALHAASSGDLTCGVCALELGSTEVLLDHLKAHAEEKPPSGTKEKKHQCDHCERCFYTRKDVRRHLVVHTGCKDFLCQFCAQRFGRKDHLTRHTKKTHSQELMKESLQTGDLLSTFHTISPSFQLKAAALPPFPLGASAQNGLASSLPAEVHSLTLSPPEQAAQPMQPLPESLASLHPSVSPGSPPPPLPNHKYNTTSTSYSPLASLPLKADTKGFCNISLFEDLPLQEPQSPQKLNPGFDLAKGNAGKVNLPKELPADAVNLTIPASLDLSPLLGFWQLPPPATQNTFGNSTLALGPGESLPHRLSCLGQQQQEPPLAMGTVSLGQLPLPPIPHVFSAGTGSAILPHFHHAFR
-3.040813,14.392704,1,MGCTVSAEDKAAAERSKMIDKNLREDGEKAAREVKLLLLGAGESGKSTIVKQMKIIHEDGYSEEECRQYRAVVYSNTIQSIMAIVKAMGNLQIDFADPSRADDARQLFALSCTAEEQGVLPDDLSGVIRRLWADHGVQACFGRSREYQLNDSAAYYLNDLERIAQSDYIPTQQDVLRTRVKTTGIVETHFTFKDLHFKMFDVGGQRSERKKWIHCFEGVTAIIFCVALSAYDLVLAEDEEMNRMHESMKLFDSICNNKWFTDTSIILFLNKKDLFEEKITHSPLTICFPEYTGANKYDEAASYIQSKFEDLNKRKDTKEIYTHFTCATDTKNVQFVFDAVTDVIIKNNLKDCGLF
-2.5415068,13.526796,1,MSGGKYVDSEGHLYTVPIREQGNIYKPNNKAMADEVTEKQVYDAHTKEIDLVNRDPKHLNDDVVKIDFEDVIAEPEGTHSFDGIWKASFTTFTVTKYWFYRLLSTIFGIPMALIWGIYFAILSFLHIWAVVPCIKSFLIEIQCISRVYSIYVHTFCDPLFEAIGKIFSNIRISTQKEI
4.85552,15.373871,0,MISLSLLYRILTLPIILVGTTILYFTIGTNFPHDELRHNLLSTLFCSSMLHLSKGLTVKDVRIFFHDSIGSTLLKNRKKLNSENELPNYGEKFTHKYDNQDMPDSVWLAKVNGMTKSDPIILHLHGGMMALPYDKVILVGLSNLYKLFSTTMNRPPSILLVDYSLVSQGYTYPKQVRECLNVYQVLISKGFRNITVLGESAGGTLILSFLYQISELSKLNKVVWPKGVALISPWLDLTNAKKIGSYRANDGLDVICYETLNRFGKAYVNNEESLFTSSVVNINMNCDISIWSKIPPIQDGKVLVLFGENEVFRDEILSWTSKIGLLKAYPNRVLMDKQGIHIGLFLEESPSIGPGMTNLDIWKKKFSVNSLYTFLRETFEE
-2.6773698,15.779361,0,MASHSSTLLSSPTFAPFSSHRLHYSPNPSTLRFSRPIRNKPNLALRCSVSIEKEVPETERPFTFLRDSDDVTPSSSSSSVRARFETMIRAAQDSVCDAIEAIEGGPKFKEDVWSRPGGGGGISRVLQDGNVFEKAGVNVSVVYGVMPPEAYRAAKGSASDQKPGPVPFFAAGVSSVLHPKNPFAPTLHFNYRYFETDAPKDVPGAPRQWWFGGGTDFTPAYIFEEDVKHFHSIQKQACDKFDPSFYPRFKKWCDDYFYIKHRDERRGLGGIFFDDLNDYDQEMLLSFATECANSVVPAYIPIVEKRKDMEFTEQHKAWQQLRRGRYVEFNLVYDRGTTFGLKTGGRIESILVSLPLSARWEYDHKPEEGTEEWKLLDACINPKEWI
5.3956046,15.17362,0,MSNNSRLPENGVQSGNGEDAELKKSMRIIEREIPDSLLEKIPEAEDYIALQDLERKLDSLIVRKRFDLQDSLSRNSHKTRILRMYIHSTVANQSWQQKGENQENNSGDINSLPIPEWTLHIEGRLLVNPDDEDDKAFELAPFTNFFRKIAIQILRSDDLYPSGNYVEWNKLPDNSNTSNGITVTRKGDQSVDVKIMLYPEEHPERYKLSKAFANILGIREGTRPDIVSYLWQYIKFHRLQDMEEKRLINCDKALRDLFEADRLYFPRIPELMNRFLEPIDPIVIPYTINVSEHTVEKVTIFDIRINTEDPRHSQIRSFLATMMSQDKIRSIDDKLTELIQAITYSQSKYDFMKKFSESPIEFINEWIESQSRDLEIVLDGTNMNYAEKRSADYYQQPWVHESAFHYLNLLNSKKQQSVLNASAKK
2.8232567,15.126102,1,MDPHGALFFYLCLLAAQVVLVETLSDLLVLMKRLEQPVGRGLSSRARHIHSLEQKLLNASFGGHNLTLQTNSIQSLVFKLSCDFPGLSLSSTTLTNVSQVRAPHAMQFPAELTKGACVTSRPAELRLICIYFFTAHLFQDDRNSSLLNNYVLGAQLDHRPVNNLQKPVNISFWHNRSLEGYTVSCVFWKEGASKSSWGAWSPEGCYTEQPSATQVLCHCNHLTYFAVLMQLSGDPVPAELQVPLEYISFVGCSISIVASLLTILLYAQSRKQSDSTTRIHMNLNGSVLLLNVTFLLSSQMTLPTMPRPVCKVLAAVLHYALLSSLTWMAIEGFNLYLFLGRVYNAYIRRYLLKLCMLGWGFPALLVLLLLMIKSSVYGPCVTSLSKSQENGTGFQNVSMCWIRSPMVHSILVMGYGGFTSLFNLVVLAWALWILCRLRAREKALSPWAYRDTAMVLGLTVLLGTTWTLAFFSFGVFLLPQLFLFTIFNSLYGFFLFLWFCSQKRYSDAEAKAEMEAVSSSQMTH
0.49604416,15.035717,0,MAGGVDGPIGIPFPDHSSDILSGLNEQRTQGLLCDVVILVEGREFPTHRSVLAACSQYFKKLFTSGAVVDQQNVYEIDFVSAEALTALMDFAYTATLTVSTANVGDILSAARLLEIPAVSHVCADLLDRQILAADAGADAGQLDLVDQIDQRNLLRAKEYLEFFQSNPMNSLPPAAAAAAASFPWSAFGASDDDLDATKEAVAAAVAAVAAGDCNGLDFYGPGPPAERPPTGDGDEGDSNPGLWPERDEDAPTGGLFPPPVAPPAATQNGHYGRGGEEEAASLSEAAPEPGDSPGFLSGAAEGEDGDGPDVDGLAASTLLQQMMSSVGRAGAAAGDSDEESRADDKGVMDYYLKYFSGAHDGDVYPAWSQKVEKKIRAKAFQKCPICEKVIQGAGKLPRHIRTHTGEKPYECNICKVRFTRQDKLKVHMRKHTGEKPYLCQQCGAAFAHNYDLKNHMRVHTGLRPYQCDSCCKTFVRSDHLHRHLKKDGCNGVPSRRGRKPRVRGGAPDPSPGATATPGAPAQPSSPDARRNGQEKHFKDEDEDEDVASPDGLGRLNVAGAGGGGDSGGGPGAATDGNFTAGLA
2.4527464,15.475864,0,MCAAEVDRHVSQRYLIKRRLGKGAYGIVWKAMDRRTGEVVAIKKIFDAFRDQTDAQRTFREIMLLREFGGHPNIIRLLDVIPAKNDRDIYLVFESMDTDLNAVIQKGRLLEDIHKRCIFYQLLRATKFIHSGRVIHRDQKPANVLLDAACRVKLCDFGLARSLSDFPEGPGGQALTEYVATRWYRAPEVLLSSRWYTPGVDMWSLGCILGEMLRGQPLFPGTSTFHQLELILETIPLPSMEELQGLGSDYSALILQNLGSRPRQTLDALLPPDTPPEALDLLKRLLAFAPDKRLSAEQALQHPYVQRFHCPDREWTRGSDVRLPVHEGDQLSAPEYRNRLYQMILERRRNSRSPREEDLGVVASRAELRASQRQSLKPGVLPQVLAETPARKRGPKPQNGHGHDPEHVEVRRQSSDPLYQLPPPGSGERPPGATGEPPSAPSGVKTHVRAVAPSLTSQAAAQAANQPLIRSDPARGGGPRAVGARRVPSRLPREAPEPRPGRRMFGISVSQGAQGAARAALGGYSQAYGTVCRSALGRLPLLPGPRA
-1.9759154,13.931469,0,MDQNNSLPPYAQGLASPQGAMTPGIPIFSPMMPYGTGLTPQPIQNTNSLSILEEQQRQQQQQQQQQQQQQQQQQQQQQQQQQQQQQQQQQQQQQQAVAAAAVQQSTSQQATQGTSGQAPQLFHSQTLTTAPLPGTTPLYPSPMTPMTPITPATPASESSGIVPQLQNIVSTVNLGCKLDLKTIALRARNAEYNPKRFAAVIMRIREPRTTALIFSSGKMVCTGAKSEEQSRLAARKYARVVQKLGFPAKFLDFKIQNMVGSCDVKFPIRLEGLVLTHQQFSSYEPELFPGLIYRMIKPRIVLLIFVSGKVVLTGAKVRAEIYEAFENIYPILKGFRKTT
1.8134347,16.605556,0,MAGLKDVVTREYTINLHKRLHGVSFKKRAPRAVKEIKKFAKLHMGTDDVRLAPELNQAIWKRGVKGVEYRLRLRISRKRNEEEDAKNPLFSYVEPVLVASAKGLQTVVVEEDA
4.64088,15.250937,0,MSQRKRYSLNVVTSPSIPSPTPSAPIRTNESNWEAASPASAASSFLPNVHHGGTVLNPGLGIMRSPSLNKSGAFGRSGSSGSSTVIEPSNIKLLLIGDANVGKTAMILSYCRELLTRAEMSRSARLRHQQQQQHKDLGLKKTVVNHRLSMKEKRKRYSSNDFEKEFKDINHFADETSDFGNPNIGDDNNHEMADPNEIVIETRSTIGIDIKTNLVNIDNRFFNVILWDTAGQERYQNAIIPSLYKKTNAVILTYDITNAKSFQSCMERWIVQALENFSSQDLLKARFFLVGNKIDLYKERQVTHYDVVQMVQEMQLKHGIKISGNFEVSCKWVNVVERTMNMIILDLVENGCFENNDPCVSITTSDDVQGHEQEFHDTVEEPFNFTRQRQHQLEKNNTVDITKPNDDIANNQSICCV
-2.9043982,14.773084,0,MPLRLDIKRKLTAMSDRVKSVDLHPTEPWMLASLYNGSVCVWNHETQTLVKTFEVCDLPVRAAKFVARKNWVVTGADDMQIRVFNYNTLERVHMFEAHSDYIRCIAVHPTQPFILTSSDDMLIKLWDWDKKWSCSQVFEGHTHYVMQIVINPKDNNQFASASLDRTIKVWQLGSSSPNFTLEGHEKGVNCIDYYSGGDKPYLISGADDRLVKIWDYQNKTCVQTPEGHAQNVSCATFHPELPIIITGSEDGTVRIWHSSTYRLESTLNYGMERVWCVASLRGSNNVALGYDEGSIIVKLGREEPAMSMDANGKIIWAKHSEVQQANLKAMGDTEIKDGERLPLAVKDMGSCEIYPQTIQHNPNGRFVVVCGDGEYIIYTAMALRNKSFGSAQEFAWAHDSSEYAIRESNSVVKIFKNFKEKKSFKPDFGAESIYGGFLLGVRSVNGLAFYDWENTELIRRIEIQPKHIFWSDSGELVCIATEESFFILKYLSEKVLAAQETHEGVTEDGIEDAFEVLGEIQEIVKTGLWVGDCFIYTSSVNRLNYYVGGEIVTIAHLDRTMYLLGYIPKDNRLYLGDKELNIVSYSLLVSVLEYQTAVMRRDFSMADKVLPTIPKEQRTRVAHFLEKQGFKQQALTVSTDPEHRFELALQLGELKIAYQLAVEAESEQKWKQLAELAISKCQFSLAQECLHHAQDYGGLLLLATASGNASMVNKLAEGAERDGKNNVAFMSYFLQGKLDACLELLIRTGRLPEAAFLARTYLPSQVSRVVKLWRENLSKVNQKAAESLADPTEYENLFPGLKEAFVVEEWVKETHADLWPAKQYPLVTPNEERNVMEEAKRFQPSRATAQQEPDGKPASSPVIMASQTTHKEEKSFQELEDDLDTMELEDIDTTDINLDEDILDD
-0.42943656,15.099374,0,MDPVATHSCHLLQQLHEQRIQGLLCDCMLVVKGVCFKAHKNVLAAFSQYFRSLFQNSSSQKNDVFHLDVKNVSGIGQILDFMYTSHLDLNQDNIQVMLDTAQCLQVQNVLSLCHTFLKSATVVQPPGMPCNSTLSLQSTLTPDATCVISENYPPHLLQECSADAQQNKTLDESHPHASPSVNRHHSAGEISKQAPDTSDGSCTELPFKQPNYYYKLRNFYSKQYHKHAAGPSQERVVEQPFAFSTSTDLTTVESQPCAVSHSECILESPEHLPSNFLAQPVNDSAPHPESDATCQQPVKQMRLKKAIHLKKLNFLKSQKYAEQVSEPKSDDGLTKRLESASKNTLEKASSQSAEEKESEEVVSCENFNCISETERPEDPAALEDQSQTLQSQRQYACELCGKPFKHPSNLELHKRSHTGN
3.6434643,15.11571,1,METVSVLLFFFLFLLAAEARSTKRTGCKDFTCGEHDFKFPFFRTDMPSRCGLFKLNCSANIPEIQLEKDGKWYTVKSVSQANTITIIDPRLNQSLTTGGCSDLSSFSLPDSPWLKLNTLYKCNNSSRKNGFSYANCRGEGSSLYYNLGDDHDVSGCSPIKTPESWVTPKNGNLSDVNATFSLHIELPGNCFRCHNNGGECTKVKNNYRCVGANTEPNNYHAEMRLGLGIGGSVILIIILVALFAVIHRNYRRKDGSELSRDNSKSDVEFSQVFFKIPIFSYKELQAATDNFSKDRLLGDGGFGTVYYGKVRDGREVAVKRLYEHNYRRLEQFMNEIEILTRLHHKNLVSLYGCTSRRSRELLLVYEFIPNGTVADHLYGENTPHQGFLTWSMRLSIAIETASALAYLHASDIIHRDVKTTNILLDRNFGVKVADFGLSRLLPSDVTHVSTAPQGTPGYVDPEYHRCYHLTDKSDVYSFGVVLVELISSKPAVDISRCKSEINLSSLAINKIQNHATHELIDQNLGYATNEGVRKMTTMVAELAFQCLQQDNTMRPTMEQVVHELKGIQNEEQKCPTYDYREETIIPHPSPPDWGEAALLKNMKFPRSPVSVTDQWTSKSTTPNTSAYEF
5.054651,15.522076,0,MTCCNQQSSQPKTTTNCAESSCYKKTWSDHRGTRIERGCGCPQVKKGIKLECCHTNECNN
-2.7064888,13.755459,0,MKERRASQKLSSKSIMDPNQNVKCKIVVVGDSQCGKTALLHVFAKDCFPENYVPTVFENYTASFEIDTQRIELSLWDTSGSPYYDNVRPLSYPDSDAVLICFDISRPETLDSVLKKWKGEIQEFCPNTKMLLVGCKSDLRTDVSTLVELSNHRQTPVSYDQGANMAKQIGAATYIECSALQSENSVRDIFHVATLACVNKTNKNVKRNKSQRATKRISHMPSRPELSAVATDLRKDKAKSCTVM
-2.3357441,15.782801,1,MEPSATPGAQMGVPPGSREPSPVPPDYEDEFLRYLWRDYLYPKQYEWVLIAAYVAVFVVALVGNTLVCLAVWRNHHMRTVTNYFIVNLSLADVLVTAICLPASLLVDITESWLFGHALCKVIPYLQAVSVSVAVLTLSFIALDRWYAICHPLLFKSTARRARGSILGIWAVSLAIMVPQAAVMECSSVLPELANRTRLFSVCDERWADDLYPKIYHSCFFIVTYLAPLGLMAMAYFQIFRKLWGRQIPGTTSALVRNWKRPSDQLGDLEQGLSGEPQPRARAFLAEVKQMRARRKTAKMLMVVLLVFALCYLPISVLNVLKRVFGMFRQASDREAVYACFTFSHWLVYANSAANPIIYNFLSGKFREQFKAAFSCCLPGLGPCGSLKAPSPRSSASHKSLSLQSRCSISKISEHVVLTSVTTVLP
4.488995,15.104629,0,MLFGVKLANEVYPPWKGSYINYEGLKKFLKEDSVKDGSNDKKARWDDSDESKFVEELDKELEKVYGFQLKKYNNLMERLSHLEKQTDTEAAIKALDADAFQRVLEELLSESTELDNFKRLNFTGFAKIVKKHDKLYPKYPSVKSLLEVRLKELPSHSEEYSPLLYRISFLYNILRSNFNTASEPLASASKFSSIVSNDIDMNFRSFKFWVHNDNLMEVKTRILRHLPVLVYANVPSENDDLVNRFESDISNNDEIVGSSSSTSSVEHGLGARSFDPLINTLYFDNEHFELYNDKLLKLNSAPTLRLRWTGQLSDKPDIFLEKKTLIEDEATGKSEFDLTKLQLKQKFINGFIFEGDKKFKEQTLKKLKESGTAGRDLERLEEDFSEIQNFIIKNELQPVFRTVYTRTAFQIPGDDKIRVTIDSNIVFIKEDSFDRERPIRDPNTWHRTDIDANVANPLKFLRGGEYAKFPYSVMEIKVKSSLDSSMSASSMISNVKLPKKHGQWLNDLTNSHLVKEIPKFSIFVQGVASLYGDDEKLDILPFWLPDLETDIRQDPKQAYEEEKKKLLKQKEIQKKIDGMRRLSNLKEPQHQAAVPVSQEENERITSQGDLEADGSSDEETEQEPHSKRSKKVRRRKPKATFLRILAGRDPKLMGVDSEEEEIELPPGVKKPLNLLKNAGPVNVEAKVWLANERTFNRWLSVTSLLSVLTFSIYNSVKKAEYPTLANYMAYVYFGLTIFCALWSYSIYMKRVDIIQQRSGQHLDAPLGPVLVSIVLFVTLVVNFVMAFRNAAKSRQELQIQNLEVPERIPEVLRPLQNYLFKLMGPSSD
3.9153259,15.085453,0,MNSANPCCDPITCKPRRGEHCVSGPCCRNCKFLNPGTICKRTMLDGLNDYCTGVTSDCPRNPWKSEEED
4.082606,14.955301,0,MGNHCTRIPCCKKVCSCICCCNRRNKTQARSQKGSYFIKGKVHPVSRMEKWEEKITEANSHGKILVVNFKASWCLPSKTILPIYQELASTYTSMIFVTIDVEELAEFSHEWNVDATPTVVFLKDGRQMDKLVGGDAAELQKKTAAAANLLLRQS
-2.8709023,13.540722,0,MFRLLSWSLGRGFLRAAGRRCRGCSARLLPGLAGGPGPEVQVPPSRVAPHGRGPGLLPLLAALAWFSRPAAAEEEEQQGADGAAAEDGADEAEAEIIQLLKRAKLSIMKDEPEEAELILHDALRLAYQTDNKKAITYTYDLMANLAFIRGQLENAEQLFKATMSYLLGGGMKQEDNAIIEISLKLASIYAAQNRQEFAVAGYEFCISTLEEKIEREKELAEDIMSVEEKANTHLLLGMCLDACARYLLFSKQPSQAQRMYEKALQISEEIQGERHPQTIVLMSDLATTLDAQGRFDEAYIYMQRASDLARQINHPELHMVLSNLAAVLMHRERYTQAKEIYQEALKQAKLKKDEISVQHIREELAELSKKSRPLTNSVKL
5.607674,16.114147,0,MSSNLTEEQIAEFKEAFALFDKDNNGSISSSELATVMRSLGLSPSEAEVNDLMNEIDVDGNHQIEFSEFLALMSRQLKSNDSEQELLEAFKVFDKNGDGLISAAELKHVLTSIGEKLTDAEVDDMLREVSDGSGEINIQQFAALLSK
4.174604,15.218515,0,MVGLISTSETLPKQESKSSSAPVSNFLSPNNLTEQTCSPLRAHSTFKEPVFLLSQRQYSHNSKILTELINSVKRPNKPDQNEEKSAVGIEEKSFKDEHLAQKKGLHHFADLKEIFLNKNLSTLDGLQDASLHDNIQSGKLDNPVISQNRRIVLEKLANPNSSKEYETIPTVENRHPLNKLSKTKTLAYEETINQLDETPGGTNYPMNKKKTLSSETNKYEYPQQSKFHECSQFASPRSSIVNGPRTLGKNSKRADDTARMASRMKPSNFNNNIQSSSYGHASQSTKLTSQRDNDHQKDLNFSPYKSIPLNNRPYSPMSEIVGFSGSTTPLDTYGNRPSGKKFNKNSKFRPPGSTISSYSSASTLRRLPRAPGSKVHAERQNSTFNSGISLRALRKEMGNTAPVSSNQLLKDADLVMENLSTRNTEKVLREVNILKRLRESCVAITAKSYDTLDERKIRSLTTFEYLEIKNFQKIYFTGSENCQKLSKQIPLDECNEALFDDDNGDYKAIQGDHLLYRYEIIDTVGKGSFGQVLKCIDHKRGQVVAIKVIKNRQKFHGQTLVEVGILKRLCEADPADKNNVIRYLSHFDFRGHLCIVTELLGSNLFDVIRENNYKGLPLIVVKSFALQGLQALRLLQGQNIIHCDLKPENLLLSHPLKARIKLIDFGSSCFYNEKVYTYLQSRFYRAPEIILGLEYGKEIDIWSFGCILAELFTGVPLFPGGNETEQLGYIMEVLGPPPMALIRNSTRSKAYFDSEGKPHPITDSHNRLLVPSTRTFSQLLNTKQASFLDFLSKCLKWDPKDRITVDSALQHEFILGKTSQKPMVSKGSHPLPDLPV
-2.8902423,14.100721,0,MDVQATTPLDPRVLDAMLPYLINYYGNPHSRTHAYGWESEAAMERARQQVASLIGADPREIIFTSGATESNNIAIKGVARFYRSRKKHLITTQTEHKCVLDSCRSLEAEGFQVTYLPVQKSGIIDLKELEAAIQPDTSLVSVMTVNNEIGVKQPIAEIGRICSSRKVYFHTDAAQAVGKIPLDVNDMKIDLMSISGHKIYGPKGVGAIYIRRRPRVRVEALQSGGGQERGMRSGTVPTPLVVGLGAACEVAQQEMEYDHKRISKLSERLIQNIMKSLPDVVMNGDPKHHYPGCINLSFAYVEGESLLMALKDVALSSGSACTSASLEPSYVLRAIGTDEDLAHSSIRFGIGRFTTEEEVDYTVEKCIQHVKRLREMSPLWEMVQDGIDLKSIKWTQH
3.5655127,14.709313,0,MAALFLRGFVQIGNCKTGISKSKEAFIEAVERKKKDRLVLYFKSGKYSTFRLSDNIQNVVLKSYRGNQNHLHLTLQNNNGLFIEGLSSTDAEQLKIFLDRVHQNEVQPPVRPGKGGSVFSSTTQKEINKTSFHKVDEKSSSKSFEIAKGSGTGVLQRMPLLTSKLTLTCGELSENQHKKRKRMLSSSSEMNEEFLKENNSVEYKKSKADCSRCVSYNREKQLKLKELEENKKLECESSCIMNATGNPYLDDIGLLQALTEKMVLVFLLQQGYSDGYTKWDKLKLFFELFPEKICHGLPNLGNTCYMNAVLQSLLSIPSFADDLLNQSFPWGKIPLNALTMCLARLLFFKDTYNIEIKEMLLLNLKKAISAAAEIFHGNAQNDAHEFLAHCLDQLKDNMEKLNTIWKPKSEFGEDNFPKQVFADDPDTSGFSCPVITNFELELLHSIACKACGQVILKTELNNYLSINLPQRIKAHPSSIQSTFDLFFGAEELEYKCAKCEHKTSVGVHSFSRLPRILIVHLKRYSLNEFCALKKNDQEVIISKYLKVSSHCNEGTRPPLPLSEDGEITDFQLLKVIRKMTSGNISVSWPATKESKDILAPHIGSDKESEQKKGQTVFKGASRRQQQKYLGKNSKPNELESVYSGDRAFIEKEPLAHLMTYLEDTSLCQFHKAGGKPASSPGTPLSKVDFQTVPENPKRKKYVKTSKFVAFDRIINPTKDLYEDKNIRIPERFQKVSEQTQQCDGMRICEQAPQQALPQSFPKPGTQGHTKNLLRPTKLNLQKSNRNSLLALGSNKNPRNKDILDKIKSKAKETKRNDDKGDHTYRLISVVSHLGKTLKSGHYICDAYDFEKQIWFTYDDMRVLGIQEAQMQEDRRCTGYIFFYMHNEIFEEMLKREENAQLNSKEVEETLQKE
-0.22696571,14.97142,0,MGEHSPDDNIIFFKGEEDDLTPHDKMLRFVDDNGLVPSSSGTVYDRTTVLIEQDPGTLEDDEDDGQCGEPLPFLVEGEEGFLIDQEAMSQGYVQHIISPDQIHLTINPGSTPMPRNIEGATLTLQSECPETKRKEVKRYQCTFEGCPRTYSTAGNLRTHQKTHRGEYTFVCNQEGCGKAFLTSYSLRIHVRVHTKEKPFECDVQGCEKAFNTLYRLKAHQRLHTGKTFNCESQGCSKYFTTLSDLRKHIRTHTGEKPFRCDHDGCGKAFAASHHLKTHVRTHTGERPFFCPSNGCEKTFSTQYSLKSHMKGHDNKGTAYSALPQHNGSEDTNHSLYLSELGLLSTDSELQENSSSTQDQDLSTISPAIIFESMFQNSDDPGIQDDPLQTAALIDSFNGDAESVIDVPPPAGNSASLSLPLVLQSGISEPPQPLLPATAPSAPPPAPSLGPGSQPAAFGSPPALLQPPEVPVPHSTQFAANHQEFLPHPQAPPQTIVPGLSVVAGAPASAATVASAVAAPAPPQSTTEPLPAMVQTLPLGANSVLTNNPTITITPTPNTAILQSSLVMGEQNLQWILNGATSSPQNQEQIQQASKVEQVYFATAVPVASGTGSSVQQIGLSVPVIIIKQEEACQCQCACRDSAKERAAGRRKGCSSPPPPEPNPQPPDGPSLQLPP
4.34645,16.716867,0,MKFSTILAIPFAIAFANAAAAPAVTAAPAPAADNPYTIYPPVPKTASINGFADRIYDQIPKCAQECVKQSTSSTPCPYWDTGCLCVIPNFTGAVGNCVASKCRGADVTNFRKLAVGACAAAGVWDPYWIIPASVSSALDAAATATGN
-2.4176896,16.335554,1,MAFSELLDLVGGLGRFQVLQTMALMVSIMWLCTQSMLENFSAAVPSHRCWAPLLDNSTAQASILGSLSPEALLAISIPPGPNQRPHQCRRFRQPQWQLLDPNATATSWSEADTEPCVDGWVYDRSIFTSTIVAKWNLVCDSHALKPMAQSIYLAGILVGAAACGPASDRFGRRLVLTWSYLQMAVMGTAAAFAPAFPVYCLFRFLLAFAVAGVMMNTGTLLMEWTAARARPLVMTLNSLGFSFGHGLTAAVAYGVRDWTLLQLVVSVPFFLCFLYSWWLAESARWLLTTGRLDWGLQELWRVAAINGKGAVQDTLTPEVLLSAMREELSMGQPPASLGTLLRMPGLRFRTCISTLCWFAFGFTFFGLALDLQALGSNIFLLQMFIGVVDIPAKMGALLLLSHLGRRPTLAASLLLAGLCILANTLVPHEMGALRSALAVLGLGGVGAAFTCITIYSSELFPTVLRMTAVGLGQMAARGGAILGPLVRLLGVHGPWLPLLVYGTVPVLSGLAALLLPETQSLPLPDTIQDVQNQAVKKATHGTLGNSVLKSTQF
-1.7110031,15.155788,0,MADAGIRRVVPSDLYPLVLGFLRDNQLSEVANKFAKATGATQQDANASSLLDIYSFWLKSAKVPERKLQANGPVAKKAKKKASSSDSEDSSEEEEEVQGPPAKKAAVPAKRVGLPPGKAAAKASESSSSEESSDDDDEEDQKKQPVQKGVKPQAKAAKAPPKKAKSSDSDSDSSSEDEPPKNQKPKITPVTVKAQTKAPPKPARAAPKIANGKAASSSSSSSSSSSSDDSEEEKAAATPKKTVPKKQVVAKAPVKAATTPTRKSSSSEDSSSDEEEEQKKPMKNKPGPYSSVPPPSAPPPKKSLGTQPPKKAVEKQQPVESSEDSSDESDSSSEEEKKPPTKAVVSKATTKPPPAKKAAESSSDSSDSDSSEDDEAPSKPAGTTKNSSNKPAVTTKSPAVKPAAAPKQPVGGGQKLLTRKADSSSSEEESSSSEEEKTKKMVATTKPKATAKAALSLPAKQAPQGSRDSSSDSDSSSSEEEEEKTSKSAVKKKPQKVAGGAAPSKPASAKKGKAESSNSSSSDDSSEEEEEKLKGKGSPRPQAPKANGTSALTAQNGKAAKNSEEEEEEKKKAAVVVSKSGSLKKRKQNEAAKEAETPQAKKIKLQTPNTFPKRKKGEKRASSPFRRVREEEIEVDSRVADNSFDAKRGAAGDWGERANQVLKFTKGKSFRHEKTKKKRGSYRGGSISVQVNSIKFDSE
2.7063925,14.886744,0,MRGRELPLVLLALVLCLAPRGRAVPLPAGGGTVLTKMYPRGNHWAVGHLMGKKSTGESSSVSERGSLKQQLREYIRWEEAARNLLGLIEAKENRNHQPPQPKALGNQQPSWDSEDSSNFKDVGSKGKVGRLSAPGSQREGRNPQLNQQ
