x,y,label,sequence,motifs,len
0.586366,0.23352626,0,MGHLSAPLHRVRVPWQGLLLTASLLTFWNPPTTAQLTTESMPFNVAEGKEVLLLVHNLPQQLFGYSWYKGERVDGNRQIVGYAIGTQQATPGPANSGRETIYPNASLLIQNVTQNDTGFYTLQVIKSDLVNEEATGQFHVYPELPKPSISSNNSNPVEDKDAVAFTCEPETQDTTYLWWINNQSLPVSPRLQLSNGNRTLTLLSVTRNDTGPYECEIQNPVSANRSDPVTLNVTYGPDTPTISPSDTYYRPGANLSLSCYAASNPPAQYSWLINGTFQQSTQELFIPNITVNNSGSYTCHANNSVTGCNRTTVKTIIVTGK,KPSISSNNSNPVEDKDAVAFTCEPETQDTTYLWWINNQSLPVSPRLQLSNGNRTLTLLSVTRNDTGPYECEIQNPVSANRSDPVTLN;ECEIQNPVSANRSDPV;DTPTISPSDTYYRPGANLSLSCYAASNPPAQYSWLINGTFQQSTQELFIPNITVNNSGSYTCHANNSVTGCNRTTVKTII,321
-0.40127042,0.6449193,0,MDLNGECKGGDGFIDRSRVRILLCDNDSTSLGEVFTLLSECSYQVTAVKSARQVIDALNAEGPDIDIILAEIDLPMAKGMKMLRYITRDKDLRRIPVIMMSRQDEVPVVVKCLKLGAADYLVKPLRTNELLNLWTHMWRRRRMLGLAEKNMLSYDFDLVGSDQSDPNTNSTNLFSDDTDDRSLRSTNPQRGNLSHQENEWSVATAPVHARDGGLGADGTATSSLAVTAIEPPLDHLAGSHHEPMKRNSNPAQFSSAPKKSRLKIGESSAFFTYVKSTVLRTNGQDPPLVDGNGSLHLHRGLAEKFQVVASEGINNTKQARRATPKSTVLRTNGQDPPLVNGNGSHHLHRGAAEKFQVVASEGINNTKQAHRSRGTEQYHSQGETLQNGASYPHSLERSRTLPTSMESHGRNYQEGNMNIPQVAMNRSKDSSQVDGSGFSAPNAYPYYMHGVMNQVMMQSAAMMPQYGHQIPHCQPNHPNGMTGYPYYHHPMNTSLQHSQMSLQNGQMSMVHHSWSPAGNPPSNEVRVNKLDRREEALLKFRRKRNQRCFDKKIRYVNRKRLAERRPRVKGQFVRKMNGVNVDLNGQPDSADYDDEEEEEEEEEEENRDSSPQDDALGT,ILLCDNDSTSLGEVFTLLSECSYQVTAVKSARQVIDALNAEGPDIDIILAEIDLPMAKGMKMLRYITRDKDLRRIPVIMMSRQDEVPVVVKCLKLGAADYLVKPLRTNELLNLWTHMW;EEALLKFRRKRNQRCFDKKIRYVNRKRLAERRPRVKGQFVRK,618
-0.46743035,0.065798864,0,MVKRTVATNGDASGAHRAKKMSKTHASHIINAQEDYKHMYLSVQPLDIFCWGTGSMCELGLGPLAKNKEVKRPRLNPFLPRDEAKIISFAVGGMHTLALDEESNVWSWGCNDVGALGRDTSNAKEQLKDMDADDSSDDEDGDLNELESTPAKIPRESFPPLAEGHKVVQLAATDNMSCALFSNGEVYAWGTFRCNEGILGFYQDKIKIQKTPWKVPTFSKYNIVQLAPGKDHILFLDEEGMVFAWGNGQQNQLGRKVMERFRLKTLDPRPFGLRHVKYIASGENHCFALTKDNKLVSWGLNQFGQCGVSEDVEDGALVTKPKRLALPDNVVIRSIAAGEHHSLILSQDGDLYSCGRLDMFEVGIPKDNLPEYTYKDVHGKARAVPLPTKLNNVPKFKSVAAGSHHSVAVAQNGIAYSWGFGETYAVGLGPFEDDTEVPTRIKNTATQDHNIILVGCGGQFSVSGGVKLSDEDAEKRADEMDD,DIFCWGTGSMCELGLGPLAKNKEVKRPRLNPFLPRDEAKIISFAVGGMHTLALDEE;NVWSWGCNDVGALGRDTSNAKEQLKDMDADDSSDDEDGDLNELESTPAKIPRESFPPLAEGHKVVQLAATDNMSCALFSN;CNDVGALGRDT;EVYAWGTFRCNEGILGFYQDKIKIQKTPWKVPTFSKYNIVQLAPGKDHILFLDEE;MVFAWGNGQQNQLGRKVMERFRLKTLDPRPFGLRHVKYIASGENHCFALTKD;KLVSWGLNQFGQCGVSEDVEDGALVTKPKRLALPDNVVIRSIAAGEHHSLILSQD;DLYSCGRLDMFEVGIPKDNLPEYTYKDVHGKARAVPLPTKLNNVPKFKSVAAGSHHSVAVAQN;AAGSHHSVAV;IAYSWGFGETYAVGLGPFEDDTEVPTRIKNTATQDHNIILVGCGGQFSVSGGVK,482
-0.5730384,-0.92208797,1,MDPYKHRPSSGSNSTFWTTNSGAPVWNNNSALTVGERGPILLEDYHLIEKLAQFDRERIPERVVHARGASAKGFFEVTHDISHLTCADFLRAPGVQTPVIVRFSTVVHERGSPETLRDPRGFAVKFYTREGNFDLVGNNMPVFFIRDGMKFPDMVHAFKPSPKTNMQENWRIVDFFSHHPESLHMFSFLFDDVGIPLNYRHMEGFGVNTYTLINKDGKPHLVKFHWKPTCGVKCLLDDEAVTVGGTCHSHATKDLTDSIAAGNYPEWKLYIQTIDPDHEDRFDFDPLDVTKTWPEDIIPLQPVGRMVLNKNIDNFFAENEQLAFCPAIIVPGIHYSDDKLLQTRIFSYADTQRHRLGPNYLMLPVNAPKCAYHNNHHDGSMNFMHRDEEVNYFPSRFDAARHAEKVPIPPRVLTGCREKCVIDKENNFQQAGERYRSFDPARQDRFLQRWVDALSDPRITHELRGIWISYWSQCDASLGQKLASRLNLKPNM,TFWTTNSGAPVWNNNSALTVGERGPILLEDYHLIEKLAQFDRERIPERVVHARGASAKGFFEVTHDISHLTCADFLRAPGVQTPVIVRFSTVVHERGSPETLRDPRGFAVKFYTREGNFDLVGNNMPVFFIRDGMKFPDMVHAFKPSPKTNMQENWRIVDFFSHHPESLHMFSFLFDDVGIPLNYRHMEGFGVNTYTLINKDGKPHLVKFHWKPTCGVKCLLDDEAVTVGGTCHSHATKDLTDSIAAGNYPEWKLYIQTIDPDHEDRFDFDPLDVTKTWPEDIIPLQPVGRMVLNKNIDNFFAENEQLAFCPAIIVPGIHYSDDKLLQTRIFSYADTQRHRLGPNYLMLPVNAPKCAYHNNHHDGSMNFMHRDEEVNYFPSRFDAARHAEKVPIPPRVLTGCREKCVIDKENNFQQAGERYRSFDPARQDRFLQRWVDALSDPRITHELRGIWISYWSQCDASLGQKLASRLNLKPNM;DRERIPERVVHARGAS;IFSYADTQ,492
-0.44531557,0.6140705,0,MASVMSNNNNNNNNNNASYMFTNPLSNTGGGLINEIKDAINEMEQLKVLELKQICKSLDLSITGKKAVLQDRIKQFLRKSCDIGHIDPWRPKAIKILIAKVRINSSLPKYSTLWETLKTGAFKHPVASGQLPVTALQSTALPPYSQQQALAYSFTSPFYKPIVQIPDANKKLKQSAGRGCTKMKFKVSKSNHDLLKSNKSYKLYLFSGFSIPFIYETVGHEAIDFPYPCELVFNGTKLEDNVKGLKKQNGTGNPANLTPYLKVPTEMNHLDLHYLNIDKEYSISCFIVEVFSPEALLGKILKRPKIIKQATTAYIKRTLNEQDDDDIITTSTVLSLQCPISCTRMKYPAKTDQCKHIQCFDALWFLHSQSQVPTWQCPICQHPIKFDQLKISEFVDNIIQNCNEDVEQVEISVDGSWKPIHNSSAVITDTVNQNHSVKNENQGTVKQEQDYDSRNAFDTNLRNGSNHNEPEIISLDSSDDEAFIPASKSFPTHVNPRNDQLRADIFPSESEGSSDYNPNHTSTPKGSPTMDQDNYQDAFQMRSFLNQGATTNINDTPTNNSSINSFVTATNGDSRIFYNRGPSTPLLPAVLQNLTNQTEAQRNPYGPNYNTTAQDRNLLGIEGDLPPIPPVDPNSEAETELPTRTTSAAHLPPYIHVSTSGHGDDGKIRKRRHSNVSIYIPKNPYATLMKRRPQANHAIMNKTLAQTNDFNTSAQDNSEVVDLTSD,EQLKVLELKQICKSLDLSITGKKAVLQDRIKQFL;ALPPYSQQQALAYSFTSPFYKPIVQIPDANKKLKQSAGRGCTKMKFKVSKSNHDLLKSNKSYKLYLFSGFSIPFIYETVGHEAIDFPYPCELVFNGTKLEDNVKGLKKQNGTGNPANLTPYLKVPTEMNHLDLHYLNIDKEYSISCFIVEVF;DDDIITTSTVLSLQCPISCTRMKYPAKTDQCKHIQCFDALWFLHSQSQVPTWQCPICQHPIKFDQLKISEFVDNIIQNCNEDVEQ,726
0.29667062,-0.82362515,0,MLKYLVQRRFTSTFYELFPKTFPKKLPIWTIDQSRLRKEYRQLQAQHHPDMAQQGSEQSSTLNQAYHTLKDPLRRSQYMLKLLRNIDLTQEQTSNEVTTSDPQLLLKVLDIHDELSQMDDEAGVKLLEKQNKERIQDIEAQLGQCYNDKDYAAAVKLTVELKYWYNLAKAFKDWAPGKQLEMNH,FYELFPKTFPKKLPIWTIDQSRLRKEYRQLQAQHHPDMAQQGSEQSSTLNQAYHTLKDPLRRSQYMLKL,184
0.16772768,2.0438082,0,MSEPGKGDDCLELESSMAESRLRAPDLGVSRCLGKCQKNSPGARKHPFSGKSFYLDLPAGKNLQFLTGAIQQLGGVIEGFLSKEVSYIVSSRREVKAESSGKSHRGCPSPSPSEVRVETSAMVDPKGSHPRPSRKPVDSVPLSRGKELLQKAIRNQGSISGGGSGGSSSLLTNARSWGVRILHVDEMMMHVQQLSLASLCVKKQQPKKPEGTCPAAESRTRKVARLKAPFLKIEDESRKFRPFHHQFKSFPEISFLGPKDASPFEAPTTLGSMHHTRESKDGEPSPRSAAHTMPRRKKGYCECCQEAFEELHVHLQSAQHRSFALEAHLYAEVDRIIAQLSHSFADIPFQAGLPRWSGSPASDCDPLCPETLHPHQPSHPRAASPRIRKEDSCQASVTQGRAAGQQRWTESLDGVMGPPASHTCVSATTLLPALPKGSREQGCLCPCPASFTQSHLVTSLALLPGEWSPAEDMPLHPSQENSFAPADIPVKGPLLFPEARPWLMSARCWVRPFPFVTWGCLIPHDTTPLHEEVSPCPCLRLGYLYLLLTQSLWCRVRVPSLSTAGPIPRTSHPCTLAFPSYLNDHDLGHLCQAKPQGWNTPQPFLHCGFLAVDSG,RRKKGYCECCQEAFEELHVHLQSAQHRSFALEAHLYAEVDRIIAQLSHS,615
1.388781,0.36310253,0,MALLFSLILAICTRPGFLASPSGVRLVGGLHRCEGRVEVEQKGQWGTVCDDGWDIKDVAVLCRELGCGAASGTPSGILYEPPAEKEQKVLIQSVSCTGTEDTLAQCEQEEVYDCSHDEDAGASCENPESSFSPVPEGVRLADGPGHCKGRVEVKHQNQWYTVCQTGWSLRAAKVVCRQLGCGRAVLTQKRCNKHAYGRKPIWLSQMSCSGREATLQDCPSGPWGKNTCNHDEDTWVECEDPFDLRLVGGDNLCSGRLEVLHKGVWGSVCDDNWGEKEDQVVCKQLGCGKSLSPSFRDRKCYGPGVGRIWLDNVRCSGEEQSLEQCQHRFWGFHDCTHQEDVAVICSG,RLVGGLHRCEGRVEVEQKGQWGTVCDDGWDIKDVAVLCRELGCGAASGTPSGILYEPPAEKEQKVLIQSVSCTGTEDTLAQCEQEEVYDCSHDEDAGASCE;LHRCEGRVEVEQKGQWGTVCDDGWDIKDVAVLCRELG;RLADGPGHCKGRVEVKHQNQWYTVCQTGWSLRAAKVVCRQLGCGRAVLTQKRCNKHAYGRKPIWLSQMSCSGREATLQDCPSGPWGKNTCNHDEDTWVECE;RLVGGDNLCSGRLEVLHKGVWGSVCDDNWGEKEDQVVCKQLGCGKSLSPSFRDRKCYGPGVGRIWLDNVRCSGEEQSLEQCQHRFWGFHDCTHQEDVAVICS;DNLCSGRLEVLHKGVWGSVCDDNWGEKEDQVVCKQLG,347
-0.53911155,-0.04575145,0,MEEISHHFGVVGASGVHGGHQHQHHHHPWGSSLSAIVAPPPPPQLQQQQTQAGGMAHTPLTLNTAAAAVGNPVLQLANGSLLDACGKAKEASASASYAADVEAIKAKIISHPHYSSLLAAYLDCQKVGAPPEVAARLTAVAQDLELRQRTALGVLGAATEPELDQFMEAYHEMLVKYREELTRPLQEAMEFLRRVETQLNTLSISGRSLRNILSSGSSEEDQEGSGGETELPEIDAHGVDQELKHHLLKKYSGYLSSLKQELSKKKKKGKLPKDARQQLLNWWELHYKWPYPSESQKVALAESTGLDLKQINNWFINQRKRHWKPSDEMQFVMMDGYHPTNAAAFYMDGHFINDGGLYRLG,LKHHLLKKYSGYLSSLKQEL;SKKKKKGKLPKDARQQLLNWWELHYKWPYPSESQKVALAESTGLDLKQINNWFINQRKRHWKP;AESTGLDLKQINNWFINQRKRHW,361
1.412373,-0.8341697,1,MSGGKYVDSEGHLYTVPIREQGNIYKPNNKAMADEVTEKQVYDAHTKEIDLVNRDPKHLNDDVVKIDFEDVIAEPEGTHSFDGIWKASFTTFTVTKYWFYRLLSTIFGIPMALIWGIYFAILSFLHIWAVVPCIKSFLIEIQCISRVYSIYVHTFCDPLFEAIGKIFSNIRISTQKEI,EDVIAEP,178
-1.2024606,0.0833883,1,MTGSHEMESIMLDSMEEEFPVSVETLGKLVDVPKGFDTYAELGGLSGLSTKLKSNIKTGLPLEKSSTEENRVLKYSKNILPDPPHQPLWSIVLDALSDHILILLIVAAVVSIVLGSIDYTSDHPETGWIDGVAILVAVILVVGITSLNDFKNQARFRELNDKSNDKEVKGIRGGEQCQISIFDVKVGDIISLDTGDIICADGVFIEGHALKCDESSITGESDPIKKGQPQDNMDPFLISGSMVIEGFGTMLVTAVGVNSFNGKTMMGLRVASEDTPLQMKLSVLASRIGYFGMGAAILMLLIAIPKYFIQRKVHDIEITREDAQPIVQLVISAITIVVVAVPEGLPLAVTMALAYGMMKMFKENNLVRNLASCETMGSATTICSDKTGTLTQNVMSVVTGTICGVFPTLDGIAQKIPKHVQSILTDGMAINSNAYEGVSSKGKLEFIGSKTECALLNFGKLFGCDYNEVRKRLEVVELYPFSSARKRMSVLVKHDQNLRLFTKGASEIILGQCGSYLDEAGNIRPISEAKAYFEEQINNFASDALRTIGLAYRDFQYGECDFKEPPENNLVFIGIVGIKDPLRPEVPEAVEICKRAGIVVRMVTGDNLVTAQNIARNCGILTEGGLCMEGPKFRELSQSEMDAILPKLQVLARSSPTDKQLLVGRLKDLGEVVAVTGDGTNDGPALKLANVGFSMGISGTEVAIAASDVVLLDDNFASIVRAVLWGRNIYDAICKFLQFQLTVNVVAVTVAFIGTLTSDVVEDKDNSSSSGSADKVTEEEPRQGSPLTAVQLLWVNLIMDTLAALALATEPPTPELLERPPNGKNAPLITRSMWKNIIGQAALQLAILFTILYQGHNIFQHFVPQAHGPIIKNGLHHYTLVFNCFVFLQLFNEINARVLGSRTNPFKNFFNNPIFIAVMIFTLGVQIIFVTFGGSATSTDSLYIVEWICCVVVGAISLPVGLLLRKIPIREPVVKNEIPVHSEAVYTSPSPNPSSSNLLGSGGAKPISKDYPTSGESTPPINDEGSPLVTRKTSVGASANDNINTPIPSSSSNLVNLNKPTQVGRGWQIVRQTHKKLVVINALKEFSQNKEPGLVDVVRGTNRGSLHLPVNQINN,KTGTLT;NEINARV,1115
-1.5647337,1.1540136,1,MSIKLPLSNINSGGNSNNSSSSNSTSNNNININIGNGIPTNIEKMTFEDSETQKLNIKQQSNNNTSTSVCVSSIHSSSPISSPTSHQVNKSSGSLPPVIKRSPTTTHHHNSSGSNSSSSSSGSNNNNNQIKTSNGMNKPNPTGFLFGSKPRENSQNKIDDNKGVNLAVSTSNSSNNFHKSHSESNIININAPPVETVNMEEIYNNIPSSISMENIRENENNNNSSNNNSNNNNNNNNNNNNSNNINNVNGNKSSLASSTSSISSLSSVSTLSTSNAATNTNTNANTTSTTKTTSTVRSTSPTQFKPRVEFDENNPNAIILSRQRCKSISSPSDFRLNPPSNVHMPTSSLSTSTSTTNVNGLLLPNGVGGVSMSFTPSGLPMTPPTNSSQVDTLQMSTESITIQPSSLDSSSESVSDGLQSVSGSPVTASPSPTISNNTNATTTNNNNNTNTNNNNNNNNNQHNHHHHQHSHSQQHDVYQIKKENFPSSPTSPTLLPSETHDFSSEYSSNPGGKCAICRKPLWSFPISDKSRRCRDCSLVVHRACVPLATECPSAKKSPSKLSVPNGNQSNSSSSSSSSSSSSSSSNSSSSNTKGHSRTPSSPSVSSIPGFQLTSNASQNLHVNSHTLSLLVNGATIDSNHYKRNKKSLEAGARDFHFIFRGCGIPLDEFPLDSYVCGLYSYFAHGRLYLTESYVCFYDGFVFDRTKERTKIIKVSNIASIEKRSSGLNPSAIKIKTFDDQSFIFTHFMHREVAFDDLEGLLIHQESLHFAHSIVANNFPGMNEAIRGQTKRLLSRARLDGHYQIHSKIRCPMPSKEILLMSAIKNNNLDMVVTLLNYYCQVNSDEINSVDSKGYTPLHNAVFSECSDQIFMHLLNQKEVRVRERNMDGNTPLHYFCQKFKSPECQRIVQAMIEKGANINEQNYNGETPLHKAIFNHSVRLLMVYILLKNNANVNIVNNAGESPLHYAVRLGRLDVAKMLLAAGADPTIISLRDRKTALALAVDYDVCPEISDLLRRLDTITTSLEMYELEKFQASLVVEELQKENVVARLDEKLLDKIGCTDKEERRKFLSLKSNRLLIHHPARTQGAKIILKEMETMDIKNGKLIISETELEYTEKIGSGASGKVFKGIYRGRVVAIKVLKSADDEMTREDFLKEFGVLASLESHTIVGLYGVVLEPKICLVMEYCSNGSIYHSIRKNPPSWERFFSFVQQMLAGINALHQSTPQVLHRDIKTLNFLVNHNNKVKVADFGLSRFNTESNQETLNKTRGTSVYCAPEVFEGKEYNERSDMYSMGIVMWEIVYCVVYGCYMIPYQEYNKMFNAFQVALLVNSSKRVLRPTIPIGVPQVLKDLIYCLWDHDVSSRPTATEAMTALAVCEKEYKQNKAQWELVITKKEPTPLPRVAPLPAFPGYRQFYEQNLDIKPIPEEEQIYQEAMEKQRRNQEASANRNQKNKELLNNNN,HDFSSEYSSNPGGKCAICRKPLWSFPISDKSRRCRDCSLVVHRACVPLATEC;GIPLDEFPLDSYVC;KEILLMSAIKNNNLDMVVTLLNYYCQVNSDEINSVDSKGYTPLHNAVFSECSDQIFMHLLNQKEVRVRERNMDGNTPLHYFCQKFKSPECQRIVQAMIEKGANINEQNYNGETPLHKAIFNHSVRLLMVYILLKNNANVNIVNNAGESPLHYAVRLGRLDVAKMLLAAGADPTIISLRDRKTALALAV;GNTPLHYFCQKFKSPECQRIVQAMIEKGANINEQNY;GETPLHKAIFNHSVRLLMVYILLKNNANVNIVNN;GESPLHYAVRLGRLDVAKMLLAAGADPTIISL;EYTEKIGSGASGKVFKGIYRGRVVAIKVLKSADDEMTREDFLKEFGVLASLESHTIVGLYGVVLEPKICLVMEYCSNGSIYHSIRKNPPSWERFFSFVQQMLAGINALHQSTPQVLHRDIKTLNFLVNHNNKVKVADFGLSRFNTESNQETLNKTRGTSVYCAPEVFEGKEYNERSDMYSMGIVMWEIVYCVVYGCYMIPYQEYNKMFNAFQVALLVNSSKRVLRPTIPIGVPQVLKDLIYCLWDHDVSSRPTATEAMTALAV;GSGASGKVFKGIYRGRVVAIK;LHRDIKTLNFLV,1460
-0.80302286,-0.10570847,1,MSKLFSTVNSARHSVPLGGMRDYVHIKKLEMNTVLGPDSWNQLMPQKCLLSLDMGTDFSKSAATDDLKYSLNYAVISRDLTNFVSKKKNWGSVSNLAKSVSQFVMDKYSGVECLNLEVQADTTHIRSDHISCIIQQERGNPESQEFDVVRISELKMLTLIGVFTFERLKKQYVTLDIKLPWPKKAELPPPVQSIIDNVVKFVEESNFKTVEALVESVSAVIAHNEYFQKFPDSPLVVKVLKLNAITATEGVGVSCIREPREIAMVNIPYLSSIHESSDIKFQLSSSQNTPIEGKNTWKRAFLAFGSNIGDRFKHIQMALQLLSREKTVKLRNISSIFESEPMYFKDQTPFMNGCVEVETLLTPSELLKLCKKIEYEELQRVKHFDNGPRTIDLDIVMFLNSAGEDIIVNEPDLNIPHPRMLERTFVLEPLCELISPVHLHPVTAEPIVDHLKQLYDKQHDEDTLWKLVPLPYRSGVEPRFLKFKTATKLDEFTGETNRITVSPTYIMAIFNATPDSFSDGGEHFADIESQLNDIIKLCKDALYLHESVIIDVGGCSTRPNSIQASEEEEIRRSIPLIKAIRESTELPQDKVILSIDTYRSNVAKEAIKVGVDIINDISGGLFDSNMFAVIAENPEICYILSHTRGDISTMNRLAHYENFALGDSIQQEFVHNTDIQQLDDLKDKTVLIRNVGQEIGERYIKAIDNGVKRWQILIDPGLGFAKTWKQNLQIIRHIPILKNYSFTMNSNNSQVYVNLRNMPVLLGPSRKKFIGHITKDVDAKQRDFATGAVVASCIGFGSDMVRVHDVKNCSKSIKLADAIYKGLE,NGPRTIDLDIV;YIMAIFNATPDSFSDGGEHFADIESQLNDIIKLCKDALYLHESVIIDVGGCSTRPNSIQASEEEEIRRSIPLIKAIRESTELPQDKVILSIDTYRSNVAKEAIKVGVDIINDISGGLFDSNMFAVIAENPEICYILSHTRGDISTMNRLAHYENFALGDSIQQEFVHNTDIQQLDDLKDKTVLIRNVGQEIGERYIKAIDNGVKRWQILIDPGLGFAKTWKQNLQIIRHIPILKNYSFTMNSNNSQVYVNLRNMPVLLGPSRKKFIGHITKDVDAKQRDFATGAVVASCIGFGSDMVRVHDVKNCSKSIK;MAIFNATPDSFSDGG;SVIIDVGGCSTRP,824
1.040648,-1.3379886,1,MWGLKVLLLPVVSFALYPEEILDTHWELWKKTHRKQYNNKVDEISRRLIWEKNLKYISIHNLEASLGVHTYELAMNHLGDMTSEEVVQKMTGLKVPLSHSRSNDTLYIPEWEGRAPDSVDYRKKGYVTPVKNQGQCGSCWAFSSVGALEGQLKKKTGKLLNLSPQNLVDCVSENDGCGGGYMTNAFQYVQKNRGIDSEDAYPYVGQEESCMYNPTGKAAKCRGYREIPEGNEKALKRAVARVGPVSVAIDASLTSFQFYSKGVYYDESCNSDNLNHAVLAVGYGIQKGNKHWIIKNSWGENWGNKGYILMARNKNNACGIANLASFPKM,GQCGSCWAFSS;NHAVLAVGYG;WIIKNSWGENWGNKGYILM,329
0.506096,-1.1829598,1,MSNESNDLEKNISHLDPTGVDNAYIPPEQPETKHSRFNIDRDTLRNHFIAAVGEFCGTFMFLWCAYVICNVANHDVALTTEPEGSHPGQLIMIALGFGFSVMFSIWCFAGVSGGALNPAVSLSLCLARAISPARCVVMWFPQIIAGMAAGGAASAMTPGKVLFTNALGLGCSRSRGLFLEMFGTAVLCLTVLMTAVEKRETNFMAALPIGISLFMAHMALTGYTGTGVNPARSLGAAVAARYFPHYHWIYWIGPLLGAFLAWSVWQLLQILDYTTYVNAEKAAGQKKED,LNPAVSLS,289
-0.5420394,-0.13736385,1,MQHPGPRLWLVLQVMIGSCTAISSMDLERPGDGKCQPVEIPMCKDIGYNTTRMPNLMGHENQREAAIQLHEFAPLVEYGCHSHLRFFLCSLYAPMCTEQVSTPIPACRVMCEQARLKCSPIMEQFKFRWPDSLDCSKLPNKNDPNYLCMEAPNNGSDEPSRGSGMFPPLFRPQRPHSAQEHPLKDGGPGRAGCDNPGKFHHVEKSESCAPLCTPGVDVYWSRDDKRFAVVWLAIWSVLCFFSSAFTVLTFLIDPSRFRYPERPIIFLSMCYCVYSVGYIIRLFAGAESIACDRDSGQLYVIQEGLESTGCTLVFLVLYYFGMASSLWWVVLTLTWFLAAGKKWGHEAIEANSSYFHLAAWAIPAVKTILILVMRRVAGDELTGVCYVGSMDVNALTGFVLVPLACYLVIGTSFILSGFVALFHIRRVMKTGGENTDKLEKLMVRIGVFSLLYTVPATCVIACYFYERLNMDYWKMLATQHKCKMNNQTKTPDCLMTTSIPAVEVFMVKVSMLLVVGITSGVWVWTSKTLQSWQHVCSRGLKRKSRRKPASVVTSAGIYKKAQHPQKPHLGKYELPAQPSACV,QHPGPRLWLVLQVMIGSC;GDGKCQPVEIPMCKDIGYNTTRMPNLMGHENQREAAIQLHEFAPLVEYGCHSHLRFFLCSLYAPMCTEQVSTPIPACRVMCEQARLKCSPIMEQFKFRWPDSLDCSKLPNKNDPNYLCMEA;VVWLAIWSVLCFFSSAFTVLTFLIDPSRFRYPERPIIFLSMCYCVYSVGYIIRLFAGAESIACDRDSGQLYVIQEGLESTGCTLVFLVLYYFGMASSLWWVVLTLTWFLAAGKKWGHEAIEANSSYFHLAAWAIPAVKTILILVMRRVAGDELTGVCYVGSMDVNALTGFVLVPLACYLVIGTSFILSGFVALFHIRRVMKTGGENTDKLEKLMVRIGVFSLLYTVPATCVIACYFYERLNMDYWKMLATQHKCKMNNQTKTPDCLMTTSIPAVEVFMVKVSMLLVVGITSGVWVWTSKTLQS,582
-0.49449933,-1.1895782,0,MGKGGMSQGEGSKVEEENMAAWLVGINTLKIQPFLLPSVGPHDVRVRMKAVGICGSDVHYLKTMRCADFVVKEPMVIGHECAGIIEEVGEEVKHLVVGDRVALEPGISCWRCNLCREGRYNLCPEMKFFATPPVHGSLANQVVHPADLCFKLPENVSLEEGAMCEPLSVGVHACRRAEVGPETNVLVMGAGPIGLVTMLAARAFSVPRIVIVDVDENRLAVAKQLGADEIVQVTTNLEDVGSEVEQIQKAMGSNIDVTFDCAGFNKTMSTALAATRCGGKVCLVGMGHGIMTVPLTPAAAREVDVVGVFRYKNTWPLCLEFLTSGKIDVKPLITHRFGFSQKEVEDAFETSARGSNAIKVMFNL,HECAGIIEEVGEEV,364
-0.33610475,-0.39609158,1,MSETVICSSRATVMLYDDSNKRWLPAGTGPQAFSRVQIYHNPTANSFRVVGRKMQPDQQVVINCAIIRGVKYNQATPIFHQWRDARQVWGLNFGSKEDAIQFATGMANALEALEGGGPPPAPAPPAWSAQNGPSPEELEQQKRQPEHMERRVSNAGGPPAPPAGGPPPPPGPPPPPGPPPPPGLPSSGVSGAGHGAGAAPPPAPPLPTAQGPNSGGSGAPGLAAAIAGAKLRKVSKQEEASGGPLAPKAENSRSTGGGLMEEMNAMLARRRKATQVGEKPPKDESASEESEARLPAQSEPVRRPWEKNSTTLPRMKSSSSVTTSEAHPSTPCSSDDSDLERVKQELLEEVRKELQKMKEEIIEVFVQELRKRGSP,SETVICSSRATVMLYDDSNKRWLPAGTGPQAFSRVQIYHNPTANSFRVVGRKMQPDQQVVINCAIIRGVKYNQATPIFHQWRDARQVWGLNFGSKEDAIQFATGMANALEAL,375
-0.8746468,-0.5239052,0,MSATAAASSSIAVATNSLRNVTLSSRSPLPSAISVAFPSRGRNTLQRRLVLVSCSTGDGSKPTILVAEKLGDAGIKLLEDVANVDCSYNMTPEELNIKISLCDALIVRSGTKVGREVFESSHGRLKVVGRAGVGIDNVDLSAATEFGCLVVNAPTANTIAAAEHGIALMAAMARNVAQADASVKAGEWKRNKYVGVSLVGKTLAVLGFGKVGTEVARRAKGLGMRVIAHDPYAPADRAHAIGVDLVSFDEALATADFISLHMPLTPTTSKILNDETFAKMKKGVRIVNVARGGVIDEDALVRALDAGIVAQAALDVFTKEPPAKDSKLVQHERVTVTPHLGASTMEAQEGVAIEIAEAVVGALNGELAATAVNAPMVSAEVLTELKPYVVLAEKLGRLAVQLVAGGSGVKNAKITYASARATDDLDTRLLRAMITKGIIEPISDVYVNLVNADFTAKQRGLRLSEERVLLDGSPESPLETITVQLSNVESKFASSLSESGEVKVEGKVKDGVPHLTKVGSFEVDVTLEGSIILCRQVDQPGMIGTVGSILGESNVNVNFMSVGRIAPRKQAIMAIGVDDIPSKETLKKIGEIPAVEEFVFLKL,AVLGFGKVGTEVARRAKGLGMRVIAHD;LATADFISLHMPLTPTTSKILN;KKGVRIVNVARGGVID;ILCRQVDQPGMIGTVGSILGESNVNVNFMSVGRIAPRKQAIMAIGVDDIPSKETLKKIGEIPAVEEFVFLKL,603
-0.88605803,0.029981395,0,MAGLTLFVGRLPPSARSEQLEELFSQVGPVKQCFVVTEKGSKACRGFGYVTFSMLEDVQRALKEITTFEGCKINVTVAKKKLRNKTKEKGKNENSECPKKEPKAKKAKVADKKARLIIRNLSFKCSEDDLKTVFAQFGAVLEVNIPRKPDGKMRGFGFVQFKNLLEAGKALKGMNMKEIKGRTVAVDWAVAKDKYKDTQSVSAIGEEKSHESKHQESVKKKGREEEDMEEEENDDDDDDDDEEDGVFDDEDEEEENIESKVTKPVQIQKRAVKRPAPAKSSDHSEEDSDLEESDSIDDGEELAQSDTSTEEQEDKAVQVSNKKKRKLPSDVNEGKTVFIRNLSFDSEEEELGELLQQFGELKYVRIVLHPDTEHSKGCAFAQFMTQEAAQKCLLAASPENEAGGLKLDGRQLKVDLAVTRDEAAKLQTTKVKKPTGTRNLYLAREGLIRAGTKAAEGVSAADMAKRERFELLKHQKLKDQNIFVSRTRLCLHNLPKAVDDKQLRKLLLSATSGEKGVRIKECRVMRDLKGVHGNMKGQSLGYAFAEFQEHEHALKALRLINNNPEIFGPLKRPIVEFSLEDRRKLKMKELRIQRSLQKMRSKPATGEPQKGQPEPAKDQQQKAAQHHTEEQSKVPPEQKRKAGSTSWTGFQTKAEVEQVELPDGKKRRKVLALPSHRGPKIRLRDKGKVKPVHPKKPKPQINQWKQEKQQLSSEQVSRKKAKGNKTETRFNQLVEQYKQKLLGPSKGAPLAKRSKWFDS,TLFVGRLPPSARSEQLEELFSQVGPVKQCFVVTEKGSKACRGFGYVTFSMLEDVQRALKEITTFEGCKINVTVAKK;RLIIRNLSFKCSEDDLKTVFAQFGAVLEVNIPRKPDGKMRGFGFVQFKNLLEAGKALKGMNMKEIKGRTVAVDWAVA;TVFIRNLSFDSEEEELGELLQQFGELKYVRIVLHPDTEHSKGCAFAQFMTQEAAQKCLLAASPENEAGGLKLDGRQLKVDLAVT;RLCLHNLPKAVDDKQLRKLLLSATSGEKGVRIKECRVMRDLKGVHGNMKGQSLGYAFAEFQEHEHALKALRLINNNPEIFGPLKRPIVEFSLEDRRKLKMKELRIQRSLQ,759
-0.5592553,0.6283095,0,MAKRVADAQIQRETYDSNESDDDVTPSTKVASSAVMNRRKIAMPKRRMAFKPFGSAKSDETKQASSFSFLNRADGTGEAQVDNSPTTESNSRLKALNLQFKAKVDDLVLGKPLADLRPLFTRYELYIKNILEAPVKSIENPTQTKGNDAKPAKVEDVQKSSDSSSEDEVKVEGPKFTIDAKPPISDSVFSFGPKKENRKKDESDSENDIEIKGPEFKFSGTVSSDVFKLNPSTDKNEKKTETNAKPFSFSSATSTTEQTKSKNPLSLTEATKTNVDNNSKAEASFTFGTKHAADSQNNKPSFVFGQAAAKPSLEKSSFTFGSTTIEKKNDENSTSNSKPEKSSDSNDSNPSFSFSIPSKNTPDASKPSFSFGVPNSSKNETSKPVFSFGAATPSAKEASQEDDNNNVEKPSSKPAFNLISNAGTEKEKESKKDSKPAFSFGISNGSESKDSDKPSLPSAVDGENDKKEATKPAFSFGINTNTTKTADTKAPTFTFGSSALADNKEDVKKPFSFGTSQPNNTPSFSFGKTTANLPANSSTSPAPSIPSTGFKFSLPFEQKGSQTTTNDSKEESTTEATGNESQDATKVDATPEESKPINLQNGEEDEVALFSQKAKLMTFNAETKSYDSRGVGEMKLLKKKDDPSKVRLLCRSDGMGNVLLNATVVDSFKYEPLAPGNDNLIKAPTVAADGKLVTYIVKFKQKEEGRSFTKAIEDAKKEMK,ATKVDATPEESKPINLQNGEEDEVALFSQKAKLMTFNAETKSYDSRGVGEMKLLKKKDDPSKVRLLCRSDGMGNVLLNATVVDSFKYEPLAPGNDNLIKAPTVAADGKLVTYIVKFKQKEEGRSFTKAIEDAKKEMK,720
-0.9381617,0.94588673,0,MSLPLRHALENVTSVDRILEDLLVRFIINCPNEDLSSVERELFHFEEASWFYTDFIKLMNPTLPSLKIKSFAQLIIKLCPLVWKWDIRVDEALQQFSKYKKSIPVRGAAIFNENLSKILLVQGTESDSWSFPRGKISKDENDIDCCIREVKEEIGFDLTDYIDDNQFIERNIQGKNYKIFLISGVSEVFNFKPQVRNEIDKIEWFDFKKISKTMYKSNIKYYLINSMMRPLSMWLRHQRQIKNEDQLKSYAEEQLKLLLGITKEEQIDPGRELLNMLHTAVQANSNNNAVSNGQVPSSQELQHLKEQSGEHNQQKDQQSSFSSQQQPSIFPSLSEPFANNKNVIPPTMPMANVFMSNPQLFATMNGQPFAPFPFMLPLTNNSNSANPIPTPVPPNFNAPPNPMAFGVPNMHNLSGPAVSQPFSLPPAPLPRDSGYSSSSPGQLLDILNSKKPDSNVQSSKKPKLKILQRGTDLNSIKQNNNDETAHSNSQALLDLLKKPTSSQKIHASKPDTSFLPNDSVSGIQDAEYEDFESSSDEEVETARDERNSLNVDIGVNVMPSEKDSRRSQKEKPRNDASKTNLNASAESNSVEWGPGKSSPSTQSKQNSSVGMQNKYRQEIHIGDSDAYEVFESSSDEEDGKKLEELEQTQDNSKLISQDILKENNFQDGEVPHRDMPTESNKSINETVGLSSTTNTVKKVPKVKILKRGETFASLANDKKAFDSSSNVSSSKDLLQMLRNPISSTVSSNQQSPKSQHLSGDEEIMMMLKRNSVSKPQNSEENASTSSINDANASELLGMLKQKEKDITAPKQPYNVDSYSQKNSAKGLLNILKKNDSTGYPRTEGGPSSEMSTSMKRNDATNNQELDKNSTELLNYLKPKPLNDGYENISNKDSSHELLNILHGNKNSSAFNNNVYATDGYSLASDNNENSSNKLLNMLQNRSSAINEPNFDVRSNGTSGSNELLSILHRK,SIPVRGAAIFNENLSKILLVQGTESDSWSFPRGKISKDENDIDCCIREVKEEIGFDLTDYIDDNQFIERNIQGKNYKIFLISGVSEVFNFKPQVRNEIDKIEWFDFKKISKTMYKSNIKYYLINSMM;KISKDENDIDCCIREVKEEIG,970
-0.13354152,-1.8886296,1,MTKDRLAALHAAQSDDEEETEVAVNVDGHDSYMDDFFAQVEEIRGMIDKVQDNVEEVKKKHSAILSAPQTDEKTKQELEDLMADIKKNANRVRGKLKGIEQNIEQEEQQNKSSADLRIRKTQHSTLSRKFVEVMTEYNRTQTDYRERCKGRIQRQLEITGRPTNDDELEKMLEEGNSSVFTQGIIMETQQAKQTLADIEARHQDIMKLETSIKELHDMFMDMAMLVESQGEMIDRIEYHVEHAMDYVQTATQDTKKALKYQSKARRKKIMILICLTVLGILAASYVSSYFM,ADIEARHQDIMKLETSIKELHDMFMDMAMLVESQGEMIDRIEYHVEHAMDYVQTATQDTKKA;HQDIMKLETSIKELHDMFMDMAMLVESQGEMIDRIEYHV,291
-0.20041773,-0.50490147,0,MAEIPDETIQQFMALTNVSHNIAVQYLSEFGDLNEALNSYYASQTDDQKDRREEAHWNRQQEKALKQEAFSTNSSNKAINTEHVGGLCPKPGSSQGSNEYLKRKGSTSPEPTKGSSRSGSGNNSRFMSFSDMVRGQADDDDEDQPRNTFAGGETSGLEVTDPSDPNSLLKDLLEKARRGGQMGAENGFRDDEDHEMGANRFTGRGFRLGSTIDAADEVVEDNTSQSQRRPEKVTREITFWKEGFQVADGPLYRYDDPANSFYLSELNQGRAPLKLLDVQFGQEVEVNVYKKLDESYKAPTRKLGGFSGQGQRLGSPIPGESSPAEVPKNETPAAQEQPMPDNEPKQGDTSIQIRYANGKREVLHCNSTDTVKFLYEHVTSNANTDPSRNFTLNYAFPIKPISNDETTLKDADLLNSVVVQRWA,VTREITFWKEGFQVADGPLYRYDDPANSFYLSELNQGRAPLKLLDVQFGQEVEVNVYKKLDESYK;KQGDTSIQIRYANGKREVLHCNSTDTVKFLYEHVTSNANTDPSRNFTLNYAFPIKPISNDETTLKDADLLNSVVVQR,423
-0.71791214,-0.9000754,0,MPTLDAPEERRRKFKYRGKDVSLRRQQRMAVSLELRKAKKDEQTLKRRNITSFCPDTPSEKTAKGVAVSLTLGEIIKGVNSSDPVLCFQATQTARKMLSQEKNPPLKLVIEAGLIPRMVEFLKSSLYPCLQFEAAWALTNIASGTSEQTRAVVEGGAIQPLIELLSSSNVAVCEQAVWALGNIAGDGPEFRDNVITSNAIPHLLALISPTLPITFLRNITWTLSNLCRNKNPYPCDTAVKQILPALLHLLQHQDSEVLSDACWALSYLTDGSNKRIGQVVNTGVLPRLVVLMTSSELNVLTPSLRTVGNIVTGTDEQTQMAIDAGMLNVLPQLLQHNKPSIQKEAAWALSNVAAGPCHHIQQLLAYDVLPPLVALLKNGEFKVQKEAVWMVANFATGATMDQLIQLVHSGVLEPLVNLLTAPDVKIVLIILDVISCILQAAEKRSEKENLCLLIEELGGIDRIEALQLHENRQIGQSALNIIEKHFGEEEDESQTLLSQVIDQDYEFIDYECLAKK,PTLDAPEERRRKFKYRGKDVSLRRQQRMAVSLELRKAKKDEQTLKRRNITSFCPDT;LIPRMVEFLKSSLYPCLQFEAAWALTNIASGTSEQTRAVVEGG;AIQPLIELLSSSNVAVCEQAVWALGNIA;ILPALLHLLQHQDSEVLSDACWALSYLT;VLPRLVVLMTSSELNVLTPSLRTVGNIVTGTDEQTQMAIDAG;MLNVLPQLLQHNKPSIQKEAAWALSNVA,516
-0.2528076,-0.7034762,0,MGEQPIFTTRAHVFQIDPNTKKNWMPASKQAVTVSYFYDVTRNSYRIISVDGAKVIINSTITPNMTFTKTSQKFGQWADSRANTVFGLGFSSEQQLTKFAEKFQEVKEAAKIAKDKTQEKIETSSNHSQESGRETPSSTQASSVNGTDDEKASHAGPANTHLKSENDKLKIALTQSAANVKKWEIELQTLRESNARLTTALQESAASVEQWKRQFSICRDENDRLRNKIDELEEQCSEINREKEKNTQLKRRIEELEAELREKETELKDLRKQSEIIPQLMSECEYVSEKLEAAERDNQNLEDKVRSLKTDIEESKYRQRHLKVELKSFLEVLDGKIDDLHDFRRGLSKLGTDN,GEQPIFTTRAHVFQIDPNTKKNWMPASKQAVTVSYFYDVTRNSYRIISVDGAKVIINSTITPNMTFTKTSQKFGQWADSRANTVFGLGFSSEQQLTKFAEKFQEVKEAA,354
4.5336766,0.5895295,0,MFTVFLLVVLATTVVSFTSDRASDSRKDAASGLIALTIKGCCSDPRCNMNNPDYCG,CSDPRCNMNNPDYC,56
-0.5583938,-0.19311142,0,MAAHGGSAASSALKGLIQQFTTITGASESVGKHMLEACNNNLEMAVTMFLDGGGIAEEPSTSSASVSTVRPHTEEEVRAPIPQKQEILVEPEPLFGAPKRRRPARSIFDGFRDFQTETIRQEQELRNGGAIDKKLTTLADLFRPPIDLMHKGSFETAKECGQMQNKWLMINIQNVQDFACQCLNRDVWSNEAVKNIIREHFIFWQVYHDSEEGQRYIQFYKLGDFPYVSILDPRTGQKLVEWHQLDVSSFLDQVTGFLGEHGQLDGLSSSPPKKCARSESLIDASEDSQLEAAIRASLQETHFDSTQTKQDSRSDEESESELFSGSEEFISVCGSDEEEEVENLAKSRKSPHKDLGHRKEENRRPLTEPPVRTDPGTATNHQGLPAVDSEILEMPPEKADGVVEGIDVNGPKAQLMLRYPDGKREQITLPEQAKLLALVKHVQSKGYPNERFELLTNFPRRKLSHLDYDITLQEAGLCPQETVFVQERN,NGPKAQLMLRYPDGKREQITLPEQAKLLALVKHVQSKGYPNERFELLTNFPRRKLSHLDYDITLQEAGLCPQETVFV,489
0.22612344,-0.16679025,1,MALSGQDWRRHQSHRQHRNHRTQGNHQKLISTATLTLFVLFLSSWIAYAAGKATVPAPLVEGETESATSQDFNSSSAFLGAIASASSTGSGSGSGSGSGSGSGSGSYGLASMNSSPIAIVSYQGITSSNLGDSNTTLVPLSDTPLLLEEFAAGEFVLPPLTSIFVSIVLLIVILGTVVGNVLVCIAVCMVRKLRRPCNYLLVSLALSDLCVALLVMPMALLYEVLEKWNFGPLLCDIWVSFDVLCCTASILNLCAISVDRYLAITKPLEYGVKRTPRRMMLCVGIVWLAAACISLPPLLILGNEHEDEEGQPICTVCQNFAYQIYATLGSFYIPLSVMLFVYYQIFRAARRIVLEEKRAQTHLQQALNGTGSPSAPQAPPLGHTELASSGNGQRHSSVGNTSLTYSTCGGLSSGGGALAGHGSGGGVSGSTGLLGSPHHKKLRFQLAKEKKASTTLGIIMSAFTVCWLPFFILALIRPFETMHVPASLSSLFLWLGYANSLLNPIIYATLNRDFRKPFQEILYFRCSSLNTMMRENYYQDQYGEPPSQRVMLGDERHGARESFL,NVLVCIAVCMVRKLRRPCNYLLVSLALSDLCVALLVMPMALLYEVLEKWNFGPLLCDIWVSFDVLCCTASILNLCAISVDRYLAITKPLEYGVKRTPRRMMLCVGIVWLAAACISLPPLLILGNEHEDEEGQPICTVCQNFAYQIYATLGSFYIPLSVMLFVYYQIFRAARRIVLEEKRAQTHLQQALNGTGSPSAPQAPPLGHTELASSGNGQRHSSVGNTSLTYSTCGGLSSGGGALAGHGSGGGVSGSTGLLGSPHHKKLRFQLAKEKKASTTLGIIMSAFTVCWLPFFILALIRPFETMHVPASLSSLFLWLGYANSLLNPIIY;SILNLCAISVDRYLAI,564
-0.2892346,-0.010129649,1,MGDWSFLGNILEEVNEHSTVIGRVWLTVLFIFRILILGTAAEFVWGDEQSDFVCNTQQPGCENVCYDEAFPISHIRLWVLQIIFVSTPSLVYVGHAVHHVRMEEKRKEREAEELSQQSPGNGGERAPLAADQGSVKKSSSSSKGTKKFRLEGTLLRTYVCHIIFKTLFEVGFIVGHYFLYGFRILPLYRCSRWPCPNVVDCFVSRPTEKTIFILFMLSVASVSLFLNILEMSHLGLKKIRSAFKRPVEQPLGEIPEKSLHSIAVSSIQKAKGYQLLEEEKIVSHYFPLTEVGMVEASPLSAKPFSQFEEKVGPGPLGDLSRAYQETLPSYAQVGAQEGVEEEQPIEAAAEPEVGDKSQEAERVSTEGEETLAVLEEEKVEPPEVEKEAEKEETPPEKVSKQELTPEKAPSLCAELPGEDTRPLSRLSKASSRARSDDLTV,NTQQPGCENVCYD;SRWPCPNVVDCFVSRP,440
0.07064034,-0.1763009,0,MTTLSPENSLSARRSATFILEKRNPPIDKAEWDSFFDENGHLAKSRDFICINILERGLHPFVRTEAWKFLTGYYSWQSSRDERLMVDSNRRRNYNSLCQMYEKIQPLLENLHGNFTETRNNIAYDIQRLYDKDPLGNVLIDKKKLEKTLLLSYVCNTKAEYQRGFHEMVMLFQLMVEHDHETFWLFQFFLQKTEHSCVINIGVGKNLDMLNSLITLLDPEFAEHLKGKGSGAVQSLFPWFCLCFQRAFKTFDDVWRLWEVLLTGKPCRNFQVLVAYSMLQMVREQALLECMSGDAILMACNNLIDLDADELISAACVVYSELMQKEVPQPLKEFLL,LHPFVRTEAWKFLTGYYSWQSSRDERLMVDSNRRRNYNSLCQMYEKIQPLLENLHGNFTETRNNIAYDIQRLYDKDPLGNVLIDKKKLEKTLLLSYVCNTKAEYQRGFHEMVMLFQLMVEHDHETFWLFQFFLQKTEHSCVINIGVGKNLDMLNSLITLLDPEFAEHLKGKGSGAVQSLFPWFCLCFQRAFKTFDDVWRLWEVLLTGK,336
-0.8395293,0.039614953,0,MENLKSASPEEDSPRHGDNMGKPKRIPRACDMCRKRKIRCDGKQPACSNCVSHGIPCVFTARPKRRTGQRQMYIKSLVSRLEQMESTLRSVIPNYDQQPDIIHPSSTPKNYHDLNCTKGETSSDDSTDDIAFLNEKMGTLVTTPIGSQKYFGSSSTFSIIQHAAKFASGVESDKVLEHLSMAKSGCLFDPDESFDGSKAELPSSEIANIYIDAYFKSYNPLFPVFTRENFYQKFGSPNCFKKPDGSIDLVNYASYVVVLSLGCLAIADTEEQVSRANALFKNTLGISIEVTKDMSFRTLVFNFLTSVYYCAVSKPNAVWLNVGVVVRVAQTLGLHRNSAMWSIGKEDAEEKARLFWYIYYLDRVSSMMTGKPVAFQDDDIDQMVPFYSIYCYYGLKPPEGDPLGTFNFLEAEVQLTRIVGQVLKELYSVSGMKSNSSQVMEKILEFDLLLNNWYNSLPDCMQPRNRFKIPKFCSSNLILTSAIYYSCLILIHRHSLTKNLQVNCVHRGTGSITDSQALCIAAARSITNLFVESVDLQPLIMKIIMYHAFTSSIIIFISILKRPLASICSEDLNCLISVKNRLISFETHGFVRLNVVMDALESMISTAQAAMQKAKQIAINFSSNLATNEDVTNSGMPDIADVSLKSQSHVPPRISSNHSDTSVKSNSPSSIFDNSGYLNSLNNSILQMHQNLQNSSNTNDQYKFDSVQENELHANITPVLDQTMSMFPFKDQLDLNFAAANVYNPNVFDDMGLDCSFYGNGL,CDMCRKRKIRCDGKQPACSNCVSHGIPC;CDMCRKRKIRCDGKQPACSNCVSHGIPCVF,762
-0.4859555,0.95635974,0,MYRSTKGASKARRDQINAEIRNLKELLPLAEADKVRLSYLHIMSLACIYTRKGVFFAGGTPLAGPTGLLSAQELEDIVAALPGFLLVFTAEGKLLYLSESVSEHLGHSMVDLVAQGDSIYDIIDPADHLTVRQQLTMPSALDADRLFRCRFNTSKSLRRQSSGNKLVLIRGRFHAHPPGAYWAGNPVFTAFCAPLEPRPRPGPGPGPGPGPASLFLAMFQSRHAKDLALLDVSESVLIYLGFERSELLCKSWYGLLHPEDLAQASSQHYRLLAESGDIQAEMVVRLQAKHGGWTWIYCMLYSEGPEGPFTANNYPISDTEAWSLRQQLNSEDTQAAYVLGTPAVLPSFSENVFSQEQCSNPLFTPSLGTPRSASFPRAPELGVISTPEELPQPSKELDFSYLPFPARPEPSLQADLSKDLVCTPPYTPHQPGGCAFLFSLHEPFQTHLPPPSSSLQEQLTPSTVTFSEQLTPSSATFPDPLTSSLQGQLTESSARSFEDQLTPCTSSFPDQLLPSTATFPEPLGSPAHEQLTPPSTAFQAHLNSPSQTFPEQLSPNPTKTYFAQEGCSFLYEKLPPSPSSPGNGDCTLLALAQLRGPLSVDVPLVPEGLLTPEASPVKQSFFHYTEKEQNEIDRLIQQISQLAQGVDRPFSAEAGTGGLEPLGGLEPLNPNLSLSGAGPPVLSLDLKPWKCQELDFLVDPDNLFLEETPVEDIFMDLSTPDPNGEWGSGDPEAEVPGGTLSPCNNLSPEDHSFLEDLATYETAFETGVSTFPYEGFADELHQLQSQVQDSFHEDGSGGEPTF,YRSTKGASKARRDQINAEIRNLKELLPLAEADKVRLSYLHIMSLACIYTRKG;AQELEDIVAALPGFLLVFTAEGKLLYLSESVSEHLGHSMVDLVAQGDSIYDIIDPADHLTVRQQLTMPSALDAD;LDVSESVLIYLGFERSELLCKSWYGLLHPEDLAQASSQHYRLLAES,802
-0.630176,-1.4614501,0,MTVPYLNSNRNVASYLQSNSSQEKTLKERFSEIYPIHAQDVRQFVKEHGKTKISDVLLEQVYGGMRGIPGSVWEGSVLDPEDGIRFRGRTIADIQKDLPKAKGSSQPLPEALFWLLLTGEVPTQAQVENLSADLMSRSELPSHVVQLLDNLPKDLHPMAQFSIAVTALESESKFAKAYAQGISKQDYWSYTFEDSLDLLGKLPVIAAKIYRNVFKDGKMGEVDPNADYAKNLVNLIGSKDEDFVDLMRLYLTIHSDHEGGNVSAHTSHLVGSALSSPYLSLASGLNGLAGPLHGRANQEVLEWLFALKEEVNDDYSKDTIEKYLWDTLNSGRVIPGYGHAVLRKTDPRYMAQRKFAMDHFPDYELFKLVSSIYEVAPGVLTEHGKTKNPWPNVDAHSGVLLQYYGLKESSFYTVLFGVSRAFGILAQLITDRAIGASIERPKSYSTEKYKELVKNIESKL,YGHAVLRKTDPR,460
3.596844,0.8024365,0,MAPARAGFCPLLLLLLLGLWVAEIPVSAKPKGMTSSQWFKIQHMQPSPQACNSAMKNINKHTKRCKDLNTFLHEPFSSVAATCQTPKIACKNGDKNCHQSHGAVSLTMCKLTSGKHPNCRYKEKRQNKSYVVACKPPQKKDSQQFHLVPVHLDRVL,KDLNTF,156
-0.47064045,-0.08989198,0,MMDLEHKRISRSTLPDYADPDYFEARGERNPVKPQSSNVVPGTSHIGSIKSPADYVFGDIIGDGSFSKVRRATDKKSWKEYAIKVLDKKYIVKENKVKYVNIERDSMMRLNGFPGISRLFHTFQDDLKLYYVLELAPNGELLQYIKKYRFLDENCVRFYAAEILSSIEYMHSCGIIHRDLKPENILFDGNMHVKITDFGTAKILPPKYVNSPDYTTFPSSFVGTAEYVAPELLSRQVVSKSSDLWAFACVVYQMIVGSPPFHGSNPNNIFKKIMSLEYELPKLLPPDIVPLFSHLFRIQPSDRSTTQQIKQFPFFATITWDNLWTQDPPPMQSFRPNYNIAIPNAPAYYRSNVTAAAAANAAAAFASASIVKHQETARRQELPTVNRFTAPTAHYGYASLRSHQMPVDRLYYKLVPSSESIIESTSVFVSPIPSVPEGNKFPSGLSKMFLKRKQRVMLLTDVGRCAFVCKGKHERLFIEMEVNLKDSSVVVIFDENSSKRFLIEDKVQSWIIEDSSGDVTKYKDKILKFADVASSHQSRSSEENVEENEEE,VFGDIIGDGSFSKVRRATDKKSWKEYAIKVLDKKYIVKENKVKYVNIERDSMMRLNGFPGISRLFHTFQDDLKLYYVLELAPNGELLQYIKKYRFLDENCVRFYAAEILSSIEYMHSCGIIHRDLKPENILFDGNMHVKITDFGTAKILPPKYVNSPDYTTFPSSFVGTAEYVAPELLSRQVVSKSSDLWAFACVVYQMIVGSPPFHGSNPNNIFKKIMSLEYELPKLLPPDIVPLFSHLFRIQPSDRSTTQQIKQFPFF;GDGSFSKVRRATDKKSWKEYAIKVLDKKYIVK;IHRDLKPENILF,551
-0.31602472,1.3728395,0,MANLIRTDHQQHIPKKRKRGESRVFRLKTFGESGHPAEMNELSFRDNLAKLLEFGHFESSGLMGSWSFQLEIQRNPNPLYVLLFVVEEPIEASLNLRCNHCQYVGWGNQMICNKKYHFVIPSKETMAAFLKLEGGGYAFPEKESFSHLVELQGHVLHGFFHSNGFGHLLSLNGIETGSDLTGHQVMDLWDRLCTGLKARKIGLNDASHKKGMELRLLHGVAKGEPWFGRWGYRFGSGTYGVTQKIYEKALESVRNIPLCLLNHHLTSLNRETPILLSKYQSLSTEPLITLSDLFRFMLHLHSRLPRDNYMSNSRNQIISIDSTNCRWSQKRIQMAIKVVIESLKRVEYRWISRQEVRDAARNYIGDTGLLDFVLKSLGNQVVGNYLVRRSLNPVKKVLEYSLEDISNLLPSSNNELITLQNQNSMGKMATNGHNKITRGQVMKDMFYFYKHILMDYKGVLGPIGGILNQIGMASRAILDAKYFIKEYHYIRDTSAKTLHLDRGEELGIFCTIAWKCHHHNNEIKVPPQECIVVKKDATLSEVYGEAERVFRDIYWELRDVVVESVVGGQIEITRVDEMALNGNKGLVLEGNVGMMMNIEVTKCYEDDDKKKDKRIECECGATEEDGERMVCCDICEVWQHTRCVGVQHNEEVPRIFLCQSCDQHLIPLSFLP,ECGATEEDGERMVCCDICEVWQHTRCVGVQHNEEVPRIFLCQSC,672
-1.1085161,-0.080957934,0,MMQNVHLAPETDEDDLYSGYNDYNPIYDIEELENDAAFQQAVRTSHGRRPPITAKISSTAVTRPIATGYGSKTSLASSIGRPMTGAIQDGVTRPMTAVRAAGFTKAALRGSAFDPLSQSRGPASPLEAKKKDSPEEKIKQLEKEVNELVEESCIANSCGDLKLALEKAKDAGRKERVLVRQREQVTTPENINLDLTYSVLFNLASQYSVNEMYAEALNTYQVIVKNKMFSNAGILKMNMGNIYLKQRNYSKAIKFYRMALDQVPSVNKQMRIKIMQNIGVTFIQAGQYSDAINSYEHIMSMAPNLKAGYNLTICYFAIGDREKMKKAFQKLITVPLEIDEDKYISPSDDPHTNLVTEAIKNDHLRQMERERKAMAEKYIMTSAKLIAPVIETSFAAGYDWCVEVVKASQYVELANDLEINKAVTYLRQKDYNQAVEILKVLEKKDSRVKSAAATNLSALYYMGKDFAQASSYADIAVNSDRYNPAALTNKGNTVFANGDYEKAAEFYKEALRNDSSCTEALYNIGLTYEKLNRLDEALDCFLKLHAILRNSAEVLYQIANIYELMENPSQAIEWLMQVVSVIPTDPQVLSKLGELYDREGDKSQAFQYYYESYRYFPCNIEVIEWLGAYYIDTQFWEKAIQYFERASLIQPTQVKWQLMVASCFRRSGNYQKALDTYKDTHRKFPENVECLRFLVRLCTDLGLKDAQEYARKLKRLEKMKEIREQRIKSGRDGSGGSRGKREGSASGDSGQNYSASSKGERLSARLRALPGTNEPYESSSNKEIDASYVDPLGPQIERPKTAAKKRIDEDDFADEELGDDLLPE,SVLFNLASQYSVNEMYAEALNTYQVIVKNKMFSNAGILKMNMGNIYLKQRNYSKAIKFYRMALDQVPSVNKQMRIKIMQNIGVTFIQAGQYSDAINSYEHIMSMAPNL;ILKMNMGNIYLKQRNYSKAIKFYRMALDQVPSV;KIMQNIGVTFIQAGQYSDAINSYEHIMSMAPNL;DLEINKAVTYLRQKDYNQAVEILKVLEKKDSRVKSAAATNLSALYYMGKDFAQASSYADIAVNSDRYNPAALTNKGNTVFANGDYEKAAEFYKEALRNDSSCTEALYNIGLTYEKLNRLDEALDCFLKLHAILRNSAEVLYQIANIYELMENPSQAIEWLMQVVSVIPTDPQVLSKLGELYDREGDKSQAFQYYYESYRYFPCNIEVIEWLGAYYIDTQFWEKAIQYFERASLIQPTQVKWQLMVASCFRRSGNYQKALDTYKDTHRKFPEN;AAATNLSALYYMGKDFAQASSYADIAVNSDRYN;AALTNKGNTVFANGDYEKAAEFYKEALRNDSSC;EALYNIGLTYEKLNRLDEALDCFLKLHAILRNS;EVLYQIANIYELMENPSQAIEWLMQVVSVIPTD;QVLSKLGELYDREGDKSQAFQYYYESYRYFPCN;EVIEWLGAYYIDTQFWEKAIQYFERASLIQPTQ;KWQLMVASCFRRSGNYQKALDTYKDTHRKFPEN,824
-0.99795926,1.3388653,0,MVAMAEAEAGVAVEVRGLPPAVPDELLTLYFENRRRSGGGPVLSWQRLGCGGVLTFREPADAERVLAQADHELHGAQLSLRPAPPRAPARLLLQGLPPGTTPQRLEQHVQALLRASGLPVQPCCALASPRPDRALVQLPKPLSEADVRVLEEQAQNLGLEGTLVSLARVPQARAVRVVGDGASVDLLLLELYLENERRSGGGPLEDLQRLPGPLGTVASFQQWQVAERVLQQEHRLQGSELSLVPHYDILEPEELAENTSGGDHPSTQGPRATKHALLRTGGLVTALQGAGTVTMGSGEEPGQSGASLRTGPMVQGRGIMTTGSGQEPGQSGTSLRTGPMGSLGQAEQVSSMPMGSLEHEGLVSLRPVGLQEQEGPMSLGPVGSAGPVETSKGLLGQEGLVEIAMDSPEQEGLVGPMEITMGSLEKAGPVSPGCVKLAGQEGLVEMVLLMEPGAMRFLQLYHEDLLAGLGDVALLPLEGPDMTGFRLCGAQASCQAAEEFLRSLLGSISCHVLCLEHPGSARFLLGPEGQHLLQGLEAQFQCVFGTERLATATLDTGLEEVDPTEALPVLPGNAHTLWTPDSTGGDQEDVSLEEVRELLATLEGLDLDGEDWLPRELEEEGPQEQPEEEVTPGHEEEEPVAPSTVAPRWLEEEAALQLALHRSLEPQGQVAEQEEAAALRQALTLSLLEQPPLEAEEPPDGGTDGKAQLVVHSAFEQDVEELDRALRAALEVHVQEETVGPWRRTLPAELRARLERCHGVSVALRGDCTILRGFGAHPARAARHLVALLAGPWDQSLAFPLAASGPTLAGQTLKGPWNNLERLAENTGEFQEVVRAFYDTLDAARSSIRVVRVERVSHPLLQQQYELYRERLLQRCERRPVEQVLYHGTTAPAVPDICAHGFNRSFCGRNATVYGKGVYFARRASLSVQDRYSPPNADGHKAVFVARVLTGDYGQGRRGLRAPPLRGPGHVLLRYDSAVDCICQPSIFVIFHDTQALPTHLITCEHVPRASPDDPSGLPGRSPDT,TLAGQTLKGPWNNLERLAENTGEFQEVVRAFYDTLDAARSSIRVVRVERVSHPLLQQQYELYRERLLQRCERRPVEQVLYHGTTAPAVPDICAHGFNRSFCGRNATVYGKGVYFARRASLSVQDRYSPPNADGHKAVFVARVLTGDYGQGRRGLRAPPLRGPGHVLLRYDSAVDCICQPSIFVIFHDTQALPTHLITCEHVPRASPDDPSGLPGRSPDT,1025
-0.958276,0.45145825,0,MRPGTGAERGGLMVSEMESHPPSQGPGDGERRLSGSSLCSGSWVSADGFLRRRPSMGHPGMHYAPMGMHPMGQRANMPPVPHGMMPQMMPPMGGPPMGQMPGMMSSVMPGMMMSHMSQASMQPALPPGVNSMDVAAGTASGAKSMWTEHKSPDGRTYYYNTETKQSTWEKPDDLKTPAEQLLSKCPWKEYKSDSGKPYYYNSQTKESRWAKPKELEDLEGYQNTIVAGSLITKSNLHAMIKAEESSKQEECTTTSTAPVPTTEIPTTMSTMAAAEAAAAVVAAAAAAAAAAAAANANASTSASNTVSGTVPVVPEPEVTSIVATVVDNENTVTISTEEQAQLTSTPAIQDQSVEVSSNTGEETSKQETVADFTPKKEEEESQPAKKTYTWNTKEEAKQAFKELLKEKRVPSNASWEQAMKMIINDPRYSALAKLSEKKQAFNAYKVQTEKEEKEEARSKYKEAKESFQRFLENHEKMTSTTRYKKAEQMFGEMEVWNAISERDRLEIYEDVLFFLSKKEKEQAKQLRKRNWEALKNILDNMANVTYSTTWSEAQQYLMDNPTFAEDEELQNMDKEDALICFEEHIRALEKEEEEEKQKSLLRERRRQRKNRESFQIFLDELHEHGQLHSMSSWMELYPTISSDIRFTNMLGQPGSTALDLFKFYVEDLKARYHDEKKIIKDILKDKGFVVEVNTTFEDFVAIISSTKRSTTLDAGNIKLAFNSLLEKAEAREREREKEEARKMKRKESAFKSMLKQAAPPIELDAVWEDIRERFVKEPAFEDITLESERKRIFKDFMHVLEHECQHHHSKNKKHSKKSKKHHRKRSRSRSGSDSDDDDSHSKKKRQRSESRSASEHSSSAESERSYKKSKKHKKKSKKRRHKSDSPESDAEREKDKKEKDRESEKDRTRQRSESKHKSPKKKTGKDSGNWDTSGSELSEGELEKRRRTLLEQLDDDQ,GAKSMWTEHKSPDGRTYYYNTETKQSTWEKPDD;TEHKSPDGRTYYYNTETKQSTWEKP;WKEYKSDSGKPYYYNSQTKESRWAKPKE;KEYKSDSGKPYYYNSQTKESRWAKP;EEAKQAFKELLKEKRVPSNASWEQAMKMIINDPRYSALAKLSEKKQAFNAYKVQ;KEAKESFQRFLENHEKMTSTTRYKKAEQMFGEMEVWNAISERDRLEIYEDVLFF;KRNWEALKNILDNMANVTYSTTWSEAQQYLMDNPTFAEDEELQNMDKEDALICFEEHIRA;RKNRESFQIFLDELHEHGQLHSMSSWMELYPTISSDIRFTNMLGQPGSTALDLFKFYVED;HDEKKIIKDILKDKGFVVEVNTTFEDFVAIISSTKRSTTLDAGNIKLAFNSLLEK;MKRKESAFKSMLKQAAPPIELDAVWEDIRERFVKEPAFEDITLESERKRIFKDFMHV,957
1.8298234,-0.89549804,0,MMLIRVLANLLILQLSYAQKSSELVIGGDECNINEHRFLVALYDFWSGDFLCGGTLINQEYVLTAAHCKTRNMYIYLGMHNKSVQFDDEQRRYPKKKYFFRCRNNFTRWDKDIMLIRLNRPVRNSAHIAPLSLPSSPPTVGSVCRVMGWGTITSPNETLPDVPRCANINLFNYTVCHGVFPWLPARSRILCAGVLQGGIDTCKRDSGGPLICNGQFQGIVSWGPKPCAQPRKPALYTKVFDHLDWIQSIIAGNTTVTCPP,IGGDECNINEHRFLVALYDFWSGDFLCGGTLINQEYVLTAAHCKTRNMYIYLGMHNKSVQFDDEQRRYPKKKYFFRCRNNFTRWDKDIMLIRLNRPVRNSAHIAPLSLPSSPPTVGSVCRVMGWGTITSPNETLPDVPRCANINLFNYTVCHGVFPWLPARSRILCAGVLQGGIDTCKRDSGGPLICNGQFQGIVSWGPKPCAQPRKPALYTKVFDHLDWIQSIIA;TAAHC,260
-0.45509538,1.3805563,0,MADPGVCCFITKILCAHGGRMTLEELLGEIRLPEAQLYELLETAGPDRFVLLETGGQAGITRSVVATTRARVCRRKYCQRPCDSLHLCKLNLLGRCHYAQSQRNLCKYSHDVLSEQNFQILKNHELSGLNQEELACLLVQSDPFFLPEICKSYKGEGRKQTCGQPQPCERLHICEHFTRGNCSYLNCLRSHNLMDRKVLTIMREHGLSPDVVQNIQDICNNKHARRNPPGTRAAHPHRRGGAHRDRSKSRDRFLHNSLEFLSPVVSPLGSGPPSPDVTSCKDSLEDVSVDVTQKFKYLGTHDRAQLSPVSSKAAGVQGPSQMRASQEFSEDGNLDDIFSRNRSDSSSSRASAAKVAQRNEAVAMKMGMEVKGKKEAPDIDRVPFLNSYIDGVTMEKASVSGIPGKKFTANDLENLLLLNDTWKNVAKPQDLQTTGRITDSGQDKAFLQNKYGGNPVWASASTHNAPNGSSQIMDETPNVSKSSTSGFAIKPAIAGGKEAVYSGVQSPRSQVLAVPGEATTPVQSNRLPQSPLSSSSHRAAASGSPGKNSTHTSVSPAIESSRMTSDPDEYLLRYILNPLFRMDNHGPKEICQDHLYKGCQQSHCDRSHFHLPYRWQMFVYTTWRDFQDMESIEQAYCDPHVELILIENHQINFQKMTCDSYPIRRLSTPSYEEKPLSAVFATKWIWYWKNEFNEYIQYGNESPGHTSSDINSAYLESFFQSCPRGVLPFQAGSQKYELSFQGMIQTNIASKTQRHVVRRPVFVSSNDVEQKRRGPE,CKLNLLGRCHYAQSQRNLCKYSHDVL;CEHFTRGNCSYLNCLRSHNLM;EEKPLSAVFATKWIWYWKNEFNEYIQYGNESPGHTSSDINSAYLESFFQSCPRGVLPFQAGSQKYELSFQGMIQTNIASKTQRHVVR,776
0.22131686,0.7073643,0,MYAVEDRAHSGHHPPPLSMDRIPPPSTMYPSSAGPSAMVSPAGQPEPESLSTVHDGRIWSLQVVQQPIRARMCGFGDKDRRPITPPPCIRLIVKDAQTQKEVDINSLDSSFYVVMADLWNADGTHEVNLVKHSATSPSISTAMSSSYPPPPHPTSSDYPASYQTNPYGQPVGQPVGQPVGYAGVGNYYGGSTQLQYQNAYPNPQAQYYQPMYGGMAQPQMPAAQPVTPGPGGMFTRNLIGCLSASAYRLYDTEDKIGVWFVLQDLSVRTEGIFRLKFSFVNVGKSVSDLPQSDIAEVINKGTAPILASTFSEPFQVFSAKKFPGVIESTPLSKVFANQGIKIPIRKDGVKGQGSRGRHSDEDDGLDNEY,HDGRIWSLQVVQQPIRARMCGFGDKDRRPITPPPCIRLIVKDAQTQKEVDINSLDSSFYVVMADLWNADGTHEVNLVKHSATSPSISTAMSSSYPPPPHPTSSDYPASYQTNPYGQPVGQPVGQPVGYAGVGNYYGGSTQLQYQNAYPNPQAQYYQPMYGGMAQPQMPAAQPVTPGPGGMFTRNLIGCLSASAYRLYDTEDKIGVWFVLQDLSVRTEGIFRLKFSFVNVGKSVSDLPQSDIAEVINKGTAPILASTFSEPFQVFSAKKFPGVIESTPLSKVFANQGIKIPIR,369
0.90752476,0.22851239,0,MEHHHQHHRHHQRDDGEDDRQSFGVPPPHVDAPPQPHGLYQSQPHFDPYAPTPQAPAPYRSETQFEPHAPPPYRSEPYFETPAPPPSFGHVSHVGHQSPNESYPPEHHRYGGYQQPSNSLLESHGDHSGVTHVAHHSSNQPQSSSGVYHKPDENRLPDNLAGLAGRATVKVYSKAEPNYNLTIRDGKVILAPADPSDEAQHWYKDEKYSTKVKDADGHPCFALVNKATGEAMKHSVGATHPVHLIRYVPDKLDESVLWTESKDFGDGYRTIRMVNNTRLNVDAYHGDSKSGGVRDGTTIVLWDWNKGDNQLWKIFPF,GKVILAPADPSDEAQHWYKDEKYSTKVKDADGHPCFALVNKATGEAMKHSVGATHPVHLIRYVPDKLDESVLWTESKDFGDGYRTIRMVNNTRLNVDAYHGDSKSGGVRDGTTIVLWDWNKGDNQLWKIF,317
0.21682183,-1.2179796,1,MASASGAMAKHEQILVLDPPSDLKFKGPFTDVVTTNLKLQNPSDRKVCFKVKTTAPRRYCVRPNSGIIDPGSIVTVSVMLQPFDYDPNEKSKHKFMVQTIFAPPNISDMEAVWKEAKPDELMDSKLRCVFEMPNENDKLNDMEPSKAVPLNASKQDGPLPKPHSVSLNDTETRKLMEECKRLQGEMMKLSEENRHLRDEGLRLRKVAHSDKPGSTSAVSFRDNVTSPLPSLLVVIAAIFIGFFLGKFIL,LVLDPPSDLKFKGPFTDVVTTNLKLQNPSDRKVCFKVKTTAPRRYCVRPNSGIIDPGSIVTVSVMLQPFDYDPNEKSKHKFMVQTIFAPPNISDMEAVWKEAKPDELMDSKLRCVFE,249
-0.95058495,0.5031316,1,MEQINSNSRKKKQQLEVFKYFASVLTKEDKPISISNGMLDMPTVNSSKLTAGNGKPDTEKLTGELILTYDDFIELISSSKTIYSKFTDHSFNLNQIPKNVFGCIFFAIDEQNKGYLTLNDWFYFNNLLEYDNYHLIILYEFFRKFDVENLKAKQKKELGSSSFNLKAADDRIKSINYGNRFLSFDDLLLNLNQFKDTIRLLHESIDDNFVKDNKLLLDWNDFRFLKFYKCYHENEEYLSLNSLVTILQNDLKNEKIFIGFDRLAQMDSQGHRLALSKNQLTYLLRLFYSHRVSADIFSSLNLSNTELLKADNNSIPYNVFKDIFYLFQNFDLLNQIFHKYVTENNLNEQDIREQIVTKNDFMTVLNAQYNKVNNIIEFSPSQINLLFSIVANSKENRRLRKRNQDRDDELLNDHHYDSDIDFFIHNEYLHGVSRSRKNLESFNDYYHDLSDGFDQDSGVKKASKASTGLFESVFGGKKDKATMRSDLTIEDFMKILNPNYLNDLVHQMELQKNQNESLYINYYFYPIFDSLYNFSLGSIAGCIGATVVYPIDFIKTRMQAQRSLAQYKNSIDCLLKIISREGIKGLYSGLGPQLIGVAPEKAIKLTVNDFMRNRLTDKNGKLSLFPEIISGASAGACQVIFTNPLEIVKIRLQVQSDYVGENIQQANETATQIVKKLGLRGLYNGVAACLMRDVPFSAIYFPTYAHLKKDLFDFDPNDKTKRNRLKTWELLTAGAIAGMPAAFLTTPFDVIKTRLQIDPRKGETKYNGIFHAIRTILKEESFRSFFKGGGARVLRSSPQFGFTLAAYELFKGFIPSPDNKLKSREGRKRFCIDDDAGNEETVVHSNGELPQQKFYSDDRKHANYYYKSCQIAKTFIDLDNNFSRFDSSVYKNFQEHLRSING,DSLYNFSLGSIAGCIGATVVYPIDFIKTRMQAQRSLAQYKNSIDCLLKIISREGIKGLYSGLGPQLIGVAPEKAIKLTVNDFMRNR;SLFPEIISGASAGACQVIFTNPLEIVKIRLQVQSDYVGENIQQANETATQIVKKLGLRGLYNGVAACLMRDVPFSAIYFPTYAHLKKD;KTWELLTAGAIAGMPAAFLTTPFDVIKTRLQIDPRKGETKYNGIFHAIRTILKEESFRSFFKGGGARVLRSSPQFGFTLAAYELFKGF,902
0.069149755,0.39104396,0,MRVPNEVCFNILSYLEADELRCKSTVCTSWRNFIIPTLWEKVVFQNEAQLNNFFDTLQYSKDVSYYFRYLRKLNCSRVRKFLTDKHLMLMTLATGISRLNLSGCTRISEPLIGKLLYQNLNLVTINFSNIFSLPANILEYISDNCPNLKALNIGNCGLVEDTGMVQIIKRCPYLNRLIIPNCRKLTDVSLQILSEKEDLIELDISGCEGFHNADTLSRLVSRNRGLKELSMDGCTELSHFITFLNLNCELDAMRALSLNNLPDLKDSDIELITCKFSKLNSLFLSKCIGLTDSSLLSLTKLSQSLTTLHLGHCYEITDIGVQCLLKSCKNITYIDFGGCLRLSDIAVSAIAKLPYLQRVGLVKCICLTDLSVILLSGSFSRNLERVHLSYCIGLTAKSVSYLMYNCKTLKHLSVTGINSILCTELRSFSRPIPDGINPSQVPVFCAFTKVEIDLFREFIRNRI,RVPNEVCFNILSYLEADELRCKSTVCTSWRNFIIPTLWEKV,463
-0.11152047,-0.8132228,1,MEASWLETRWARPLHLALVFCLALVLMQAMKLYLRRQRLLRDLSPFPGPPAHWLLGHQKFLQEDNMETLDEIVKKHPCAFPCWVGPFQAFFYIYDPDYAKIFLSRTDPKMQYLHQLLTPCIGRGLLNLDGPRWFQHRCLLTPAFHQDILKPCVDTMAHSVKVMLDKWEKMWTTQETTIEVFEHINLMTLDIIMKCAFGQETNCQINGTYESYVKATFELGEIISSRLYNFWHHHDIIFKLSPKGHCFQELGKVIHQYTEKIIQDRKKILKNQVKQDDTQTSQIFLDIVLSAQAEDERAFSDADLRAEVNTFMWAGHDASAASISWLLYCLALNPEHQDRCRTEIRSILGDGSSITWEQLDEMSYTTMCIKETLRLIPPVPSISRELSKPLTLPDGHSLPAGMTVVLSIWGLHHNPAVWNDPKVFDPLRFTKENSDQRHPCAFLPFSSGPRNCIGQQFAMLELKVAIALILLHFQVAPDLTRPPAFSSHTVLRPKHGIYLHLKKLLEC,SSGPRNCIG,507
5.6742353,0.941571,0,MKTLLLTLVVVTIVCLDLGYTIVCHTTATSPISAVTCPPGENLCYRKMWCDVFCSSRGKVVELGCAATCPSKKPYEEVTCCSTDKCNPHPKQRPG,CAATCPSKKPYEEVTCCSTD,95
0.6147926,-1.7998456,1,MAQQSLIYSFVARGTVILVEFTDFKGNFTSIAAQCLQKLPSSNNKFTYNCDGHTFNYLVENGFTYCVVAVDSAGRQIPMAFLERVKEDFNKRYGGGKAATAQANSLNKEFGSKLKEHMQYCMDHPDEISKLAKVKAQVSEVKGVMMENIEKVLDRGEKIELLVDKTENLRSQAQDFRTQGTQMRRKMWFQNMKIKLIVLAIIIALILIIILSICGGFNCGK,VARGTVILVEFTDFKGNFTSIAAQCLQKLPSSNNKFTYNCDGHTFNYLVENGFTYCVVAVDSAGRQIPMAFLERVKEDFNKRYGGGKAATAQANSLNKEFGSKL;LAKVKAQVSEVKGVMMENIEKVLDRGEKIELLVDKTENLRSQAQDFRTQGTQMRRKMWFQ;IEKVLDRGEKIELLVDKTE,221
-0.2808116,-0.8852358,0,MTSLTTQTLIITIFLLTIPTSFASPPSLEDVFAQCVTDFKPSNPKSPIQNYIYTQRSPNFLTILNNYVRNLRYFNNMTRKPVAIVAAADVTHIQATITCAKKLGLQLRIRSGGHDYDGMSYLSTIDFVVLDMFNLRSINIDPKLDTAWVQSGATLGEIYYGVANKSNDLRGFPAGICPGLGAGGHFSGGGYGNMMRKYGLSIDNIIDAKIVDAKGRVLDRSSMGEDLFWALRGGGAASFCVVLAWKIKLVPVPAKVTVFNIETFGNTGSVNTTELVAKWQEIADKIDNDLFIRLTLGSSNKTVKASFMGMYLGNSSNLLEIMNAKFPELGLIKRECIEMKWIESVLFWLGIPPGTAPTTSMLNRIPQKQIYLKRKSDYVQKPISRTGLESIFKIMTENENVTMAFNPYGGRMSEIPSTETAFPHRAGNMFKIQYAANWFVPGEAVAKDCLSQTERLFEAMSPYVSKNPREAFLNYRDVDIGKSLNSTYEEGKVYGFKYFKDNFEKLVKIKSRVDPDNFFRYEQSIPVLSSH,TRKPVAIVAAADVTHIQATITCAKKLGLQLRIRSGGHDYDGMSYLSTIDFVVLDMFNLRSINIDPKLDTAWVQSGATLGEIYYGVANKSNDLRGFPAGICPGLGAGGHFSGGGYGNMMRKYGLSIDNIIDAKIVDAKGRVLDRSSMGEDLFWALRGGGAASFCVVLAWKIKLVPV,531
-0.66639316,1.4676732,1,MAEPRQEFEVMEDHAGTYGLGDRKDQGGYTMHQDQEGDTDAGLKESPLQTPTEDGSEEPGSETSDAKSTPTAEDVTAPLVDEGAPGKQAAAQPHTEIPEGTTAEEAGIGDTPSLEDEAAGHVTQEPESGKVVQEGFLREPGPPGLSHQLMSGMPGAPLLPEGPREATRQPSGTGPEDTEGGRHAPELLKHQLLGDLHQEGPPLKGAGGKERPGSKEEVDEDRDVDESSPQDSPPSKASPAQDGRPPQTAAREATSIPGFPAEGAIPLPVDFLSKVSTEIPASEPDGPSVGRAKGQDAPLEFTFHVEITPNVQKEQAHSEEHLGRAAFPGAPGEGPEARGPSLGEDTKEADLPEPSEKQPAAAPRGKPVSRVPQLKARMVSKSKDGTGSDDKKAKTSTRSSAKTLKNRPCLSPKHPTPGSSDPLIQPSSPAVCPEPPSSPKYVSSVTSRTGSSGAKEMKLKGADGKTKIATPRGAAPPGQKGQANATRIPAKTPPAPKTPPSSGEPPKSGDRSGYSSPGSPGTPGSRSRTPSLPTPPTREPKKVAVVRTPPKSPSSAKSRLQTAPVPMPDLKNVKSKIGSTENLKHQPGGGKVQIINKKLDLSNVQSKCGSKDNIKHVPGGGSVQIVYKPVDLSKVTSKCGSLGNIHHKPGGGQVEVKSEKLDFKDRVQSKIGSLDNITHVPGGGNKKIETHKLTFRENAKAKTDHGAEIVYKSPVVSGDTSPRHLSNVSSTGSIDMVDSPQLATLADEVSASLAKQGL,TAPVPMPDLKNVKSKIGSTENLKHQPGGGK;STENLKHQPGGG;QIINKKLDLSNVQSKCGSKDNIKHVPGGGS;SKDNIKHVPGGG;QIVYKPVDLSKVTSKCGSLGNIHHKPGGGQ;SLGNIHHKPGGG;EVKSEKLDFKDRVQSKIGSLDNITHVPGGGN;SLDNITHVPGGG,758
-0.74853957,0.5805573,0,MSEQSICQARAAVMVYDDANKKWVPAGGSTGFSRVHIYHHTGNNTFRVVGRKIQDHQVVINCAIPKGLKYNQATQTFHQWRDARQVYGLNFGSKEDANVFASAMMHALEVLNSQEAAQSKVTATQDSTNLRCIFCGPTLPRQNSQLPAQVQNGPSQEELEIQRRQLQEQQRQKELERERMERERLERERLERERLERERLEQEQLERQRQEREHVERLERERLERLERERQERERERLEQLEREQVEWERERRMSNAAPSSDSSLSSAPLPEYSSCQPPSAPPPSYAKVISAPVSDATPDYAVVTALPPTSTPPTPPLRHAATRFATSLGSAFHPVLPHYATVPRPLNKNSRPSSPVNTPSSQPPAAKSCAWPTSNFSPLPPSPPIMISSPPGKATGPRPVLPVCVSSPVPQMPPSPTAPNGSLDSVTYPVSPPPTSGPAAPPPPPPPPPPPPPPPLPPPPLPPLASLSHCGSQASPPPGTPLASTPSSKPSVLPSPSAGAPASAETPLNPELGDSSASEPGLQAASQPAESPTPQGLVLGPPAPPPPPPLPSGPAYASALPPPPGPPPPPPLPSTGPPPPPPPPPPLPNQAPPPPPPPPAPPLPASGIFSGSTSEDNRPLTGLAAAIAGAKLRKVSRVEDGSFPGGGNTGSVSLASSKADAGRGNGPLPLGGSGLMEEMSALLARRRRIAEKGSTIETEQKEDRNEDAEPITAKAPSTSTPEPTRKPWERTNTMNGSKSPVISRPKSTPSSQPSANGVQTEGLDYDRLKQDILDEMRKELAKLKEELIDAIRQELSKSNTA,SEQSICQARAAVMVYDDANKKWVPAGGSTGFSRVHIYHHTGNNTFRVVGRKIQDHQVVINCAIPKGLKYNQATQTFHQWRDARQVYGLNFGSKEDANVFASAMMHALEVL,802
0.6643467,-0.72683614,0,MASNSAFSLFLILLIITQCLSVLNAAKDFDFFYFVQQWPGSYCDTKQSCCYPTTGKPAADFGIHGLWPNNNDGTYPSNCDPNSPYDQSQISDLISSMQQNWPTLACPSGSGSTFWSHEWEKHGTCAESVLTNQHAYFKKALDLKNQIDLLSILQGADIHPDGESYDLVNIRNAIKSAIGYTPWIQCNVDQSGNSQLYQVYICVDGSGSSLIECPIFPGGKCGTSIEFPTF,GIHGLWP;WSHEWEKHGTC,230
-1.2399981,0.43183568,0,MACNLSPVNEMADSITSSTPSEIVYGGPGSPDEHRTMSDKVQTMASAIYRELETMIKVHGEDGVKTLMPLVVNVLEALDLAYLERDEQTAELEMLKEDNEQLQTQYEREKALRKQTEQKYIEIEDTLIGQNKELDKKIESLESIMRMLELKAKNATDHASRLEEREVEQKLEFDRLHERYNTLLRTHVDHMERTKYLMGSEKFELMQNMPLPNMQLRNKMGMAASVDASSIRGVSDLISAHMTQSTTMDVNLANHITNEDWQDEFSSDIEPSPRDIPQSSADALTSPITTKEPTPKREAASPKQSEEEEADETTSVDPKENNDLLGADLTDDESDWNGLGLIPRRHRPNEMLDDDDTSDDGSLGMGREVENLIKENSELLDMKNALNIVKNDLINQVDELNSENMILRDENLSRQMVSEKMQEQITKHEEEIKTLKQKLMEKENEQEEDDVPMAMRKRFTRSEMQRVLMDRNAYKEKLMELEESIKWTEMQRAKKMQQQQQNVNQKKSGGIWEFFSSLLGDSVTPPASSRGNRASSSRGKMTRSVEYIDPDMISERRAAERREQYKLVREHVKKEDGRIEAYGWSLPNVEAEVSSVPIPVCCRPLLDNEPSLKIWCATGVVLRGGRDERGQWIVGDPIYFAPASMKKTKTSNHRPELEDEIKRARNLDARESELDEWQSSSLVWVVSSNQGKSLIAVLDANNPNNIIETFPACDSHLLCIQAVSGVMEGEPEMNEEQSKKYLSGGGKIKDLPEGLDGTDLGACEWVELRKMEDSEDGVPTYCSNDMKPSPKRTRDFSISEVAPVDSSAPVKEDPLPPPANRPGGRAALPPHIRDAMSKYDGVSGQMSGALPTVWMGGQNQYIYIHSAVTAWKQCLRRIKMPDAVLSIVHYKSRIFAALANGTIAIFHRNKHGEWSDEGYHSLRVGSATSSVRSLCLVSTNIWATYKNCVVVLDAESLQIVKVFAAHPRKDSQVRNMQWVGAGVWLSIRLDSTLRLYHAHTYEHLQDVDIEPYVTKMLGTSKLDFSYMRTTALLVSNRRLWIGTGTGVIISVPFSGQLEKKIETKDSKRPAGPGGLVRVYGATSENATNDEKTNDDFIPYCNLAHAQLSFHGHKDSVKFFLGVPGASKNGEDESAEVTLRRMLIMSGGDGYIDFRIGEENEPELTGQSIRPRDMSHLIIWEVDAELPILSK,YGGPGSPDEHRTMSDKVQTMASAIYRELETMIKVHGEDGVKTLMPLVVNVLEALDLAYLERDEQTAELEMLKEDNEQLQTQYEREKAL;KRFTRSEMQRVLMDRNAYKEKLMELEESIKWTEMQRAKKMQQQQQNVNQKKSGGIWEFFSSLLGDSVTPPASSRGNRASSSRGKMT,1190
-1.1217539,0.52243656,0,MVLSNVDAEEVNMDSSMELEESSQEPLRADNYEEIYNSLVHHEPDLEEAAHASYSWVVKNFSTLEDKTYSPLFKAGHTTWRIVLFPKGCNQTEYASVFLEYLPQCKVEAIRKYEAELAAGKTPTIDPEIVNDETYSCCAQFALSLSNVQDPTVMQINTSHHRFRSEVKDWGFTRFVDLRKIAVPTPEFPVPFLENDEICISVTVRVLQDPTGVLWHSFVNYNSKKETGYVGLKNQGATCYMNSLLQSLFFTNIFRKTVYKIPTDNDDSRDSVAYALQRVFYNLEKQREPVSTTELTRSFGWNSFDSFMQHDIQEFNRVLQDNLEKKMKGTEVENALNDIFVGKMKSYVKCIDVNYESSRVEDFWDIQLNVKGMDTLEDSFRDAIQVETLTGDNKYYAEGHGLQDAHKGIIFESLPNVLQLQLKRFDYDMLRDMMVKINDRHEFPLEIDLEPYLSETADKSESHVYVLHGVLVHGGDLHGGHYYALIKPEKDSNWFKFDDDRVTRATIKEVLEDNYGGEPAGRAKGYNGNPFKRFMNAYMLVYFRKSRLDHILSPVTAEDVPFHVRNTLDEEHRVVERKLLEREEQQIYRRVRVLTTDGFKKYHGFDMTDFSASDDDPVLITTKIKRNANIWDLQKHLAGLLNRDTSGIRIWLMTNRQNRTVRVDLPLDKKTILVDQICDMHIRKDMDMRVYVEFLSEHNQLLADFGATDDNDFDTYIFLKIFDYETQQISGLADLHVSKNSPISSLSEWIREHLKWSSDVPITYYEEIKTGMVDVLDPNASFEKSEIQVGDIICFEKKLVHDSSSDTSHPYKSALDLYDFMAHRVVITFEPRYSDDTNNGVFDLVLTTHTNYTDMARAVANKLNVDPNYLQFTMAHLPSRTPRSVIRNPSKFTLQNAIPSTYSHNQNVVMFYEVLDITLSELERKQLIRVHFLSNGISHETQMEFYVDKEGTVEDILRQVTQKVPLNAEDASRLRLYEVYNHRILKSHLPTDGIYDLNEFSTAYVEVTPKEEQMQLKTDDAVSIVVQHFFKDLSRLHDIPFYFVLLRGETLKDLKKRLQKRLGYNDTQFSKVKLAVLQAQSFGKPYYLTDDDEVLYGELEPQSHILGLDHPPANGSAQYHGMDQAIRMK,ASYSWVVKNFSTLEDKTYSPLFKAGHTTWRIVLFPKGCNQTEYASVFLEYLPQCKVEAIRKYEAELAAGKTPTIDPEIVNDETYSCCAQFALSLSNVQDPTVMQINTSHHRFRSEVKDWGFTRFVDLRKIAVPTPEFPVPFLENDEICISVTV;GLKNQGATCYMNSLLQSLFFTNIFRKTVYKIPTDNDDSRDSVAYALQRVFYNLEKQREPVSTTELTRSFGWNSFDSFMQHDIQEFNRVLQDNLEKKMKGTEVENALNDIFVGKMKSYVKCIDVNYESSRVEDFWDIQLNVKGMDTLEDSFRDAIQVETLTGDNKYYAEGHGLQDAHKGIIFESLPNVLQLQLKRFDYDMLRDMMVKINDRHEFPLEIDLEPYLSETADKSESHVYVLHGVLVHGGDLHGGHYYALIKPEKDSNWFKFDDDRVTRATIKEVLEDNYGGEPAGRAKGYNGNPFKRFMNAYMLVYFRK;LKNQGATCYMNSLLQ;VLHGVLVHGGDLHGGHY,1129
0.6114127,-0.95354646,0,MHILSISLMAVLPAIALAGLCGVEPDAGLLDQRLNLYKGQQNFAVSMLNVIRQSTPNENVFFSPYSTYHALLLAYFGSSGDTEKELAKVLHLDWADSKEVVRSAYILEKMNRKERQSKMPLEFSSADRIFFANDLHVTECARNRLAEEVQQIDFKSQTEESRKQINDWIAKQTHDQIRNMLSADEITPRTRLVLANAAYLKGQWLSQFKTEKTVPMPFYTSPSNYSLVSMMQQKGTFLLNVDEQLRAHVLQLPYRTVFESQEKEDSSPDENSDISMVLILPPFNSNSLEDVLSRLNADSLDDSLKQAMPREIEVSLPKFEFEQRLELNPILAKMGVSKMFDESVATFDDLTSETISIGDSKHVAKIKVDEEGSTAAAATVLFTYRSARPVEPAKFECNHPFLFVIYDRTSRSILFTGIYRDPKTIKQ,ECNHPFLFVI,427
-0.15857922,-1.7218632,0,MAGLNSLEAVKRKIQALQQQADDAEDRAQGLQRELDGERERREKAEGDAAALNRRIQLVEEELDRAQERLATALQKLEEAEKAADESERGMKVIENRAMKDEEKMEIQEMQLKEAKHIAEEADRKYEEVARKLVILEGELERAEERAEVSELKSSDLEEELKNVTNNLKSLEAASEKYSEKEDKYEEEIKLLSDKLKEAETRAEFAERTVSKLEKTIDDLEEKLAQAKEENVGLHQTLDQTLNELNCI,KEAETRAE,248
1.6576781,0.39743102,1,MIRPSVYRNVARQLHISLQSEPVVTDAFLAVAGHIFSAGITWGKVVSLYAVAAGLAVDCVRQAQPAMVHALVDCLGEFVRKTLATWLRRRGGWTDVLKCVVSTDPGLRSHWLVAALCSFGRFLKAAFFVLLPER,RNVARQLHISLQSEPVVTDAFLAVAGHIFSAGITWGKVVSLYAVAAGLAVDCVRQAQPAMVHALVDCLGEFVRKTLATWLRRRGGWTD,134
-0.2980342,0.03949427,0,MAYMCTDSGNLMAIAQQLIKQKQQQQSQHQQQEEQEQEPNPWPNPSFGFTLPGSGFSDPFQVTNDPGFHFPHLEHHQNAAVASEEFDSDEWMESLINGGDASQTNPDFPIYGHDPFVSFPSRLSAPSYLNRVNKDDSASQQLPPPPASTAIWSPSPPSPQHPPPPPPQPDFDLNQPIFKAIHDYARKPETKPDTLIRIKESVSESGDPIQRVGYYFAEALSHKETESPSSSSSSSLEDFILSYKTLNDACPYSKFAHLTANQAILEATNQSNNIHIVDFGIFQGIQWSALLQALATRSSGKPTRIRISGIPAPSLGDSPGPSLIATGNRLRDFAAILDLNFEFYPVLTPIQLLNGSSFRVDPDEVLVVNFMLELYKLLDETATTVGTALRLARSLNPRIVTLGEYEVSLNRVEFANRVKNSLRFYSAVFESLEPNLDRDSKERLRVERVLFGRRIMDLVRSDDDNNKPGTRFGLMEEKEQWRVLMEKAGFEPVKPSNYAVSQAKLLLWNYNYSTLYSLVESEPGFISLAWNNVPLLTVSSWR,PPPQPDFDLNQPIFKAIHDYARKPETKPDTLIRIKESVSESGDPIQRVGYYFAEALSHKETESPSSSSSSSLEDFILSYKTLNDACPYSKFAHLTANQAILEATNQSNNIHIVDFGIFQGIQWSALLQALATRSSGKPTRIRISGIPAPSLGDSPGPSLIATGNRLRDFAAILDLNFEFYPVLTPIQLLNGSSFRVDPDEVLVVNFMLELYKLLDETATTVGTALRLARSLNPRIVTLGEYEVSLNRVEFANRVKNSLRFYSAVFESLEPNLDRDSKERLRVERVLFGRRIMDLVRSDDDNNKPGTRFGLMEEKEQWRVLMEKAGFEPVKPSNYAVSQAKLLLWNYNYSTLYSLVESEPGFISLAWNNVPLLTVSSWR,542
-0.6645117,0.15418954,0,MSVASDSPVHSSSSSDDLAAFLDAELDSASDASSGPSEEEEAEDDVESGLKRQKLEHLEEASSSKGECEHPGSFGNMCFVCGQKLEETGVSFRYIHKEMRLNEDEISRLRDSDSRFLQRQRKLYLVLDLDHTLLNTTILRDLKPEEEYLKSHTHSLQDGCNVSGGSLFLLEFMQMMTKLRPFVHSFLKEASEMFVMYIYTMGDRNYARQMAKLLDPKGEYFGDRVISRDDGTVRHEKSLDVVLGQESAVLILDDTENAWPKHKDNLIVIERYHFFSSSCRQFDHRYKSLSELKSDESEPDGALATVLKVLKQAHALFFENVDEGISNRDVRLMLKQVRKEILKGCKIVFSRVFPTKAKPEDHPLWKMAEELGATCATEVDASVTHVVAMDVGTEKARWAVREKKYVVHRGWIDAANYLWMKQPEENFGLEQLKKQLTEEE,RQRKLYLVLDLDHTLLNTTILRDLKPEEEYLKSHTHSLQDGCNVSGGSLFLLEFMQMMTKLRPFVHSFLKEASEMFVMYIYTMGDRNYARQMAKLLDPKGEYFGDRVISRDDGTVRHEKSLDVVLGQESAVLILDDTENAWPKHKDNLIVIERYHFFSSSCRQFDHRYKSLSEL;RKEILKGCKIVFSRVFPTKAKPEDHPLWKMAEELGATCATEVDASVTHVVAMDVGTEKARWAVREKKYVVHRGWI,440
0.15045649,0.4667802,1,MDFLLLGLCLHWLLRRPSGVVLCLLGACFQMLPAAPSGCPGQCRCEGRLLYCEALNLTEAPHNLSGLLGLSLRYNSLSELRAGQFTGLMQLTWLYLDHNHICSVQGDAFQKLRRVKELTLSSNQITELANTTFRPMPNLRSVDLSYNKLQALAPDLFHGLRKLTTLHMRANAIQFVPVRIFQDCRSLKFLDIGYNQLKSLARNSFAGLFKLTELHLEHNDLIKVNFAHFPRLISLNSLCLRRNKVAIVVSSLDWVWNLEKMDLSGNEIEYMEPHVFETVPYLQSLQLDSNRLTYIEPRILNSWKSLTSITLAGNLWDCGRNVCALASWLSNFQGRYDANLQCASPEYAQGEDVLDAVYAFHLCEDGAEPTSGHLLSAAVTNRSDLAPPESSATTLVDGGEGLHDSTLEPITVAIPGGEHAENAVQIHKVVTGTMALIFSFLIVVLVLYVSWKCFPASLRQLRQCFVTQRRKQKQKQTMHQMAAMSAQEYYVDYKPNHIEGALVIINEYGSCTCHQQPARECEV,LLGLSLRYNSLSELRAGQFTG;LTWLYLDHNHICSVQGDAFQK;VKELTLSSNQITELANTTFRP;LRSVDLSYNKLQALAPDLFHG;LTTLHMRANAIQFVPVRIFQD;LKFLDIGYNQLKSLARNSFAG;LTELHLEHNDLIKVNFAHFP;LEKMDLSGNEIEYMEPHVFET;LQSLQLDSNRLTYIEPRILNS,523
0.18865585,-1.5868539,0,MSSDQLSKFLDRNKMEDNKRKVLDEEAKASLDIWKYVFGFADIAAAKCAIDLKIPEAIENHPSSQPVTLAELSSAVSASPSHLRRIMRFLVHQGIFKEIPTKDGLATGYVNTPLSRRLMITRRDGKSLAPFVLFETTPEMLAPWLRLSSVVSSPVNGSTPPPFDAVHGKDVWSFAQDNPFLSDMINEAMACDARRVVPRVAGACHGLFDGVTTMVDVGGGTGETMGMLVKEFPWIKGFNFDLPHVIEVAEVLDGVENVEGDMFDSIPACDAIFIKWVLHDWGDKDCIKILKNCKEAVPPNIGKVLIVESVIGENKKTMIVDERDEKLEHVRLMLDMVMMAHTSTGKERTLKEWDFVLKEAGFARYEVRDIDDVQSLIIAYRS,KYVFGFADIAAAKCAIDLKIPEAIENHPSSQPVTLAELSSAVSASPSHLRRIMRFLVHQGIFKEIPTKDGLATGYVNTPLSRRLMITRRDGKSLAPFVLFETTPEMLAPWLRLSSVVSSPVNGSTPPPFDAVHGKDVWSFAQDNPFLSDMINEAMACDARRVVPRVAGACHGLFDGVTTMVDVGGGTGETMGMLVKEFPWIKGFNFDLPHVIEVAEVLDGVENVEGDMFDSIPACDAIFIKWVLHDWGDKDCIKILKNCKEAVPPNIGKVLIVESVIGENKKTMIVDERDEKLEHVRLMLDMVMMAHTSTGKERTLKEWDFVLKEAGFARYEVRDIDDVQSLIIAYR,382
-0.55423254,-1.1421357,0,MSAFKPYTEALEVLKKYEKKDGLSIDDLIRHNFQGGLTFNDFLILPGYIDFVPNNVSLETRISRNIVLKTPFMSSPMDTVTEDQMAIYMALLGGIGVIHHNCTPEEQAAMVRKVKKYENGFILDPVVFSPQHTVGDVLKIKETKGFSGIPITENGKLRGKLVGIVTSRDVQFHKDTNTPVTEVMTPREELITTAEGISLERANEMLRKSKKGKLPVVDKDDNLVALLSLTDLMKNLHFPLASKTSDTKQLMVAAAIGTRDDDRTRLALLAEAGLDAVVIDSSQGNSCFQIEMIKWIKKTYPKIDVIAGNVVTREQTASLIAAGADGLRVGMGSGSACITQEVMACGRPQATAIAQVAEFASQFGIGVIADGGIQNVGHMVKSLSLGATAVMMGGLLAGTTESPGEYYVREGQRYKSYRGMGSIAAMEGTGVNKNASTGRYFSENDAVRVAQGVSGLVVDKGSLLRFLPYLYTGLQHALQDIGTKSLDELHEAVDKHEVRFELRSSAAIREGDIQGFATYEKRLY,ILDPVVFSPQHTVGDVLKIKETKGFSGIPITENGKLRGKLVGIVTSRDVQFHKDTNTPV;TPREELITTAEGISLERANEMLRKSKKGKLPVVDKDDNLVALLSLTDLMKNLHFPLAS;RVGMGSGSACIT,524
-1.065503,1.052088,0,MGPPEKESKAILKARGLEEEQKSERKMTSPENDSKSIQKDQGPEQEQTSESTMGPPEKESKAILKARGLEEEQKSERKMTSPENDSKSIQKDQGPEQEQTSESTMGPPEKDSKAILKARGLEEEQKSESTMSPSENVSRAILKDSGSEEVEQASERKMTSPENDSKSIQKDQGPEQEQTSETLQSKEEDEVTEADKDNGGDLQDYKAHVIAKFDTSVDLHYDSPEMKLLSDAFKPYQKTFQPHTIILHGRPGVGKSALARSIVLGWAQGKLFQKMSFVIFFSVREIKWTEKSSLAQLIAKECPDSWDLVTKIMSQPERLLFVIDGLDDMDSVLQHDDMTLSRDWKDEQPIYILMYSLLRKALLPQSFLIITTRNTGLEKLKSMVVSPLYILVEGLSASRRSQLVLENISNESDRIQVFHSLIENHQLFDQCQAPSVCSLVCEALQLQKKLGKRCTLPCQTLTGLYATLVFHQLTLKRPSQSALSQEEQITLVGLCMMAAEGVWTMRSVFYDDDLKNYSLKESEILALFHMNILLQVGHNSEQCYVFSHLSLQDFFAALYYVLEGLEEWNQHFCFIENQRSIMEVKRTDDTRLLGMKRFLFGLMNKDILKTLEVLFEYPVIPTVEQKLQHWVSLIAQQVNGTSPMDTLDAFYCLFESQDEEFVGGALKRFQEVWLLINQKMDLKVSSYCLKHCQNLKAIRVDIRDLLSVDNTLELCPVVTVQETQCKPLLMEWWGNFCSVLGSLRNLKELDLGDSILSQRAMKILCLELRNQSCRIQKLTFKSAEVVSGLKHLWKLLFSNQNLKYLNLGNTPMKDDDMKLACEALKHPKCSVETLRLDSCELTIIGYEMISTLLISTTRLKCLSLAKNRVGVKSMISLGNALSSSMCLLQKLILDNCGLTPASCHLLVSALFSNQNLTHLCLSNNSLGTEGVQQLCQFLRNPECALQRLILNHCNIVDDAYGFLAMRLANNTKLTHLSLTMNPVGDGAMKLLCEALKEPTCYLQELELVDCQLTQNCCEDLACMITTTKHLKSLDLGNNALGDKGVITLCEGLKQSSSSLRRLGLGACKLTSNCCEALSLAISCNPHLNSLNLVKNDFSTSGMLKLCSAFQCPVSNLGIIGLWKQEYYARVRRQLEEVEFVKPHVVIDGDWYASDEDDRNWWKN,TIILHGRPGVGKSALARSIVLGWAQGKLFQKMSFVIFFSVREIKWTEKSSLAQLIAKECPDSWDLVTKIMSQPERLLFVIDGLDDMDSVLQHDDMTLSRDWKDEQPIYILMYSLLRKALLPQSFLIITTR,1163
-0.7930223,0.8611852,0,MPAAPVLRPPPPPATPAPPAPSRPAPPIPGHRGPCDHSLKCLSSKISERKLPGPWLPAGRGPLEKPVLGPRGAVMPLFSPQSSLHSVRAEHSPLKPRVVTVVKLGGQPLRKATLLLNRRSVQTFEQLLSDISEALGFPRWKNDRVRKLFTLKGREVKSVSDFFREGDAFIAMGKEPLTLKSIQLAMEELYPKNRALALAPHSRVPSPRLRSRLPSKLLKGSHRCGEAGSYSAEMESKAVSRHQGKTSTVLAPEDKARAQKWVRGKQESEPGGPPSPGAATQEETHASGEKHLGVEIEKTSGEIVRCEKCKRERELQLGLQREPCPLGTSELDLGRAQKRDSEKLVRTKSCRRPSEAKSTDGEEGWKGDSHRGSPRDPPQELRRPNSNSDKKEIRGSESQDSHPQGAPKAQKDLVEGPPAVEEGPIDMRREDRHTCRSKHAAWLRREQQAEPPQLPRTRGEEKQAEHEKKPGGLGERRAPEKESKRKLEEKRPERPSGRKPRPKGIISADVEKHYDIGGVIGDGNFATVKECRHRETKQAYAMKMIDKSQLKGKEDIVDSEILIIQSLSHPNIVKLHEVYETEAEIYLIMEYVQGGDLFDAIVENVKFPEPEAAVMITDLCKALVHMHDKNIVHRDVKPENLLVQRNEDKSITLKLADFGLAKYVVRPIFTVCGTPTYVAPEILSEKGYGLEVDMWAAGVILYILLCGFPPFRSPERDQDELFNIIQVGQFEFLSPYWDNISDAAKDLVRNLLEVDPKKRYTAEQVLQHPWIEMVGHTNTGNSQKEESPNS,VVTVVKLGGQPLRKATLLLNRRSVQTFEQLLSDISEALGFPRWKNDRVRKLFTLKGREVKSVSDFFREGDAFIAMGKEPL;DIGGVIGDGNFATVKECRHRETKQAYAMKMIDKSQLKGKEDIVDSEILIIQSLSHPNIVKLHEVYETEAEIYLIMEYVQGGDLFDAIVENVKFPEPEAAVMITDLCKALVHMHDKNIVHRDVKPENLLVQRNEDKSITLKLADFGLAKYVVRPIFTVCGTPTYVAPEILSEKGYGLEVDMWAAGVILYILLCGFPPFRSPERDQDELFNIIQVGQFEFLSPYWDNISDAAKDLVRNLLEVDPKKRYTAEQVLQHPWI;GDGNFATVKECRHRETKQAYAMK;VHRDVKPENLLV,790
4.4381,0.026284259,0,MKTLLLTLVVVTIVCLDLGYTRTCFITPDVKSKPCPPGQEVCYTKTWCDGFCGIRGKRVDLGCAATCPTPKKTGIDIICCSTDDCNTFPLRPRGRLSSIKDHP,CAATCPTPKKTGIDIICCSTD,103
-0.663844,-0.6693895,0,MGCVQCKDKEATKLTDERETSVSQHAGYRYGSDPTPQHYPSFGVTAIPNYNNFHAPVSQGVTVFGGVNSSSHSGTLRSRGGTGVTLFVALYDYEARSEDDLSFRKGEKFQILNSTEGDWWEARSLTTGGTGYIPSNYVAPVDSIQAEDWYFGKLGRKDAERQLLSNGNPRGTFLIRESETTKGAYSLSIQDWDETKGDHVKHYKIRKLDNGGYYITTRAQFETLQQLVHHYSARAAGLCCRLIVPCHKGMPRLADLSVKTKDVWEIPRESLQLIKRLGNGQFGEVWMGTWNGNTKVAVKTLKPGTMSPESFLEEAQIMKKLRHDKLVQLYAVVSEEPIYIVTEYMSKGSLLDFLKDGEGRGLKLPNLVDMAAQVAAGMAYIERMNYIHRDLRSANILVGDSLVCKIADFGLARLIEDNEYTARQGAKFPIKWTAPEAALYGRFTIKSDVWSFGILLTELVTKGRVPYPGMNNREVLEQVERGYRMPCPQDCPSSLHELMLQCWKRDPEERPTFEYLQAFLEDYFTATEPQYQPGDNL,GVTLFVALYDYEARSEDDLSFRKGEKFQILNSTEGDWWEARSLTTGGTGYIPSNYVAPVDS;YFGKLGRKDAERQLLSNGNPRGTFLIRESETTKGAYSLSIQDWDETKGDHVKHYKIRKLDNGGYYITTRAQFETLQQLVHHYSARAAGLCCRLIVPC;QLIKRLGNGQFGEVWMGTWNGNTKVAVKTLKPGTMSPESFLEEAQIMKKLRHDKLVQLYAVVSEEPIYIVTEYMSKGSLLDFLKDGEGRGLKLPNLVDMAAQVAAGMAYIERMNYIHRDLRSANILVGDSLVCKIADFGLARLIEDNEYTARQGAKFPIKWTAPEAALYGRFTIKSDVWSFGILLTELVTKGRVPYPGMNNREVLEQVERGYRMPCPQDCPSSLHELMLQCWKRDPEERPTFEYLQAFLEDYF;GNGQFGEVWMGTWNGNTKVAVK;IHRDLRSANILV,537
-0.09952719,-1.7339965,1,MALIGKSERFSADFVMGGAAAIVAKSAAAPIERVKLLLQNQGEMIKTGHLIRPYTGLGNCFTRIYREEGVLSFWRGNQANVIRYFPTQASNFAFKGYFKNLLGCSKEKDGYLKWFAGNVASGSAAGATTSLFLYHLDYARTRLGTDAKECSVNGKRQFKGMIDVYRKTLSSDGIKGLYRGFGVSIVGITLYRGMYFGMYDTIKPIVLVGSLEGNFLASFLLGWSITTSAGVIAYPFDTLRRRMMLTSGQPVKYRNTIHALREILKSEGFYALYRGVTANMLLGVAGAGVLAGYDQLHQIAYKHWVQ,RFSADFVMGGAAAIVAKSAAAPIERVKLLLQNQGEMIKTGHLIRPYTGLGNCFTRIYREEGVLSFWRGNQANVIRYFPTQASNFAFKGYFKNL;WFAGNVASGSAAGATTSLFLYHLDYARTRLGTDAKECSVNGKRQFKGMIDVYRKTLSSDGIKGLYRGFGVSIVGITLYRGMYFGMYDTIKPI;NFLASFLLGWSITTSAGVIAYPFDTLRRRMMLTSGQPVKYRNTIHALREILKSEGFYALYRGVTANMLLGVAGAGVLAGYDQLHQI,306
1.8724084,1.0684571,0,MAGSPELVVLDPPWDKELAAGTESQALVSATPREDFRVRCTSKRAVTEMLQLCGRFVQKLGDALPEEIREPALRDAQWTFESAVQENISINGQAWQEASDNCFMDSDIKVLEDQFDEIIVDIATKRKQYPRKILECVIKTIKAKQEILKQYHPVVHPLDLKYDPDPAPHMENLKCRGETVAKEISEAMKSLPALIEQGEGFSQVLRMQPVIHLQRIHQEVFSSCHRKPDAKPENFITQIETTPTETASRKTSDMVLKRKQTKDCPQRKWYPLRPKKINLDT,VLDPPW,281
-0.7522351,-0.37798885,0,MDGHNQNQYQNQNQIQQSQQPPLKKYVTQRRSVDVSSPYINLYYNRRHGLPNLVVEPETSYTIDIMPPNAYRGRDRVINLPSKFTHLSSNKVKHVIPAIQWTPEGRRLVVATYSGEFSLWNASSFTFETLMQAHDSAVTTMKYSHDSDWMISGDADGMIKIWQPNFSMVKEIDAAHTESIRDMAFSSNDSKFVTCSDDNILKIWNFSNGKQERVLSGHHWDVKSCDWHPEMGLIASASKDNLVKLWDPRSGNCISSILKFKHTVLKTRFQPTKGNLLMAISKDKSCRVFDIRYSMKELMCVRDETDYMTLEWHPINESMFTLACYDGSLKHFDLLQNLNEPILTIPYAHDKCITSLSYNPVGHIFATAAKDRTIRFWTRARPIDPNAYDDPTYNNKKINGWFFGINNDINAVREKSEFGAAPPPPATLEPHALPNMNGFINKKPRQEIPGIDSNIKSSTLPGLSI,NKVKHVIPAIQWTPEGRRLVVATYSGEFSLWNASSFTFETLMQAHDSAVTTMKYSHDSDWMISGDADGMIKIWQPNFSMVKEIDAAHTESIRDMAFSSNDSKFVTCSDDNILKIWNFSNGKQERVLSGHHWDVKSCDWHPEMGLIASASKDNLVKLWDPRSGNCISSILKFKHTVLKTRFQPTKGNLLMAISKDKSCRVFDIRYSMKELMCVRDETDYMTLEWHPINESMFTLACYDGSLKHFDLLQNLNEPILTIPYAHDKCITSLSYNPVGHIFATAAKDRTIRFWTRARPIDPNA;QAHDSAVTTMKYSHDSDWMISGDADGMIKIWQ;AAHTESIRDMAFSSNDSKFVTCSDDNILKIWNFSNGKQERV;SGHHWDVKSCDWHPEMGLIASASKDNLVKLWDPRSGNCISS;YAHDKCITSLSYNPVGHIFATAAKDRTIRFW,465
-1.1591246,0.71516156,1,MKLKRTAYLLFLYLSSSLLICIKNSFCNKNNTRCLSGPCQNNSTCKHFPQDNNCCLDTANNLDKDCEDLKDPCFSSPCQGIATCVKIPGEGNFLCQCPPGYSGLNCETATNSCGGNLCQHGGTCRKDPEHPVCICPPGYAGRFCETDHNECASSPCHNGAMCQDGINGYSCFCVPGYQGRHCDLEVDECVSDPCKNEAVCLNEIGRYTCVCPQEFSGVNCELEIDECRSQPCLHGATCQDAPGGYSCDCAPGFLGEHCELSVNECESQPCLHGGLCVDGRNSYHCDCTGSGFTGMHCESLIPLCWSKPCHNDATCEDTVDSYICHCRPGYTGALCETDINECSSNPCQFWGECVELSSEGLYGNTAGLPSSFSYVGASGYVCICQPGFTGIHCEEDVDECLLHPCLNGGTCENLPGNYACHCPFDDTSRTFYGGENCSEILLGCTHHQCLNNGKCIPHFQNGQHGFTCQCLSGYAGPLCETVTTLSFGSNGFLWVTSGSHTGIGPECNISLRFHTVQPNALLLIRGNKDVSMKLELLNGCVHLSIEVWNQLKVLLSISHNTSDGEWHFVEVTIAETLTLALVGGSCKEKCTTKSSVPVENHQSICALQDSFLGGLPMGTANNSVSVLNIYNVPSTPSFVGCLQDIRFDLNHITLENVSSGLSSNVKAGCLGKDWCESQPCQNRGRCINLWQGYQCECDRPYTGSNCLKEYVAGRFGQDDSTGYAAFSVNDNYGQNFSLSMFVRTRQPLGLLLALENSTYQYVSVWLEHGSLALQTPGSPKFMVNFFLSDGNVHLISLRIKPNEIELYQSSQNLGFISVPTWTIRRGDVIFIGGLPDREKTEVYGGFFKGCVQDVRLNSQTLEFFPNSTNNAYDDPILVNVTQGCPGDNTCKSNPCHNGGVCHSLWDDFSCSCPTNTAGRACEQVQWCQLSPCPPTAECQLLPQGFECIANAVFSGLSREILFRSNGNITRELTNITFAFRTHDTNVMILHAEKEPEFLNISIQDARLFFQLRSGNSFYTLHLMGSQLVNDGTWHQVTFSMIDPVAQTSRWQMEVNDQTPFVISEVATGSLNFLKDNTDIYVGDQSVDNPKGLQGCLSTIEIGGIYLSYFENLHGFPGKPQEEQFLKVSTNMVLTGCLPSNACHSSPCLHGGNCEDSYSSYRCACLSGWSGTHCEINIDECFSSPCIHGNCSDGVAAYHCRCEPGYTGVNCEVDVDNCKSHQCANGATCVPEAHGYSCLCFGNFTGRFCRHSRLPSTVCGNEKRNFTCYNGGSCSMFQEDWQCMCWPGFTGEWCEEDINECASDPCINGGLCRDLVNRFLCICDVAFAGERCELDLADDRLLGIFTAVGSGTLALFFILLLAGVASLIASNKRATQGTYSPSGQEKAGPRVEMWIRMPPPALERLI,KDPCFSSPCQGIATCVKIPGEGNFLCQCPPGYSGLNCE;QCPPGYSGLNC;QCPPGYSGLNC;TNSCGGNLCQHGGTCRKDPEHPVCICPPGYAGRFCE;ICPPGYAGRFC;ICPPGYAGRFC;HNECASSPCHNGAMCQDGINGYSC;HNECASSPCHNGAMCQDGINGYSCFCVPGYQGRHCD;QDGINGYSCFC;FCVPGYQGRHC;FCVPGYQGRHC;VDECVSDPCKNEAVCLNEIGRYTC;VDECVSDPCKNEAVCLNEIGRYTCVCPQEFSGVNCE;LNEIGRYTCVC;VCPQEFSGVNC;IDECRSQPCLHGATCQDAPGGYSC;IDECRSQPCLHGATCQDAPGGYSCDCAPGFLGEHCE;QDAPGGYSCDC;DCAPGFLGEHC;DCAPGFLGEHC;VNECESQPCLHGGLCVDGRNSYHCDCTGSGFTGMHCE;VDGRNSYHCDC;IPLCWSKPCHNDATCEDTVDSYICHCRPGYTGALCE;EDTVDSYICHC;HCRPGYTGALC;HCRPGYTGALC;INECSSNPCQFWGECVELSSEGLYGNTAGLPSSFSYVGASGYVCICQPGFTGIHCE;ICQPGFTGIHC;ICQPGFTGIHC;VDECLLHPCLNGGTCENLPGNYAC;VDECLLHPCLNGGTCENLPGNYACHCPFDDTSRTFYGGENCS;ENLPGNYACHC;LLGCTHHQCLNNGKCIPHFQNGQHGFTCQCLSGYAGPLCE;QCLSGYAGPLC;QCLSGYAGPLC;TTLSFGSNGFLWVTSGSHTGIGPECNISLRFHTVQPNALLLIRGNKDVSMKLELLNGCVHLSIEVWNQLKVLLSISHNTSDGEWHFVEVTIAETLTLALVGGSCKEKCTTKSSVPVENHQSICALQDSFLGGLPMGTANNSVSVLNIYNVPSTPSFVGCLQDIRFDLNHITLENVSSGLSSNVKAGC;KDWCESQPCQNRGRCINLWQGYQCECDRPYTGSNCL;INLWQGYQCEC;ECDRPYTGSNC;ECDRPYTGSNC;RFGQDDSTGYAAFSVNDNYGQNFSLSMFVRTRQPLGLLLALENSTYQYVSVWLEHGSLALQTPGSPKFMVNFFLSDGNVHLISLRIKPNEIELYQSSQNLGFISVPTWTIRRGDVIFIGGLPDREKTEVYGGFFKGCVQDVRLNSQTLEFFPNSTNNAYDDPILVNVTQGC;DNTCKSNPCHNGGVCHSLWDDFSCSCPTNTAGRACE;SCPTNTAGRAC;AVFSGLSREILFRSNGNITRELTNITFAFRTHDTNVMILHAEKEPEFLNISIQDARLFFQLRSGNSFYTLHLMGSQLVNDGTWHQVTFSMIDPVAQTSRWQMEVNDQTPFVISEVATGSLNFLKDNTDIYVGDQSVDNPKGLQGCLSTIEIGGIYLSYFENLHGFPGKPQEEQFLKVSTNMVLTGC;SNACHSSPCLHGGNCEDSYSSYRCACLSGWSGTHCE;EDSYSSYRCAC;ACLSGWSGTHC;ACLSGWSGTHC;IDECFSSPCIHGNCSDGVAAYHC;IDECFSSPCIHGNCSDGVAAYHCRCEPGYTGVNCE;SDGVAAYHCRC;RCEPGYTGVNC;RCEPGYTGVNC;VDNCKSHQCANGATCVPEAHGYSCLCFGNFTGRFCR;LCFGNFTGRFC;FGNFTGRFCRHSRLPSTVCGNEKRNFTC;STVCGNEKRNFTCYNGGSCSMFQEDWQCMCWPGFTGEWCE;MCWPGFTGEWC;MCWPGFTGEWC;INECASDPCINGGLCRDLVNRFLC;INECASDPCINGGLCRDLVNRFLCICDVAFAGERCE;RDLVNRFLCIC;ICDVAFAGERC,1405
-0.18244737,-1.2384118,1,MGRWALDVAFLWKAVLTLGLVLLYYCFSIGITFYNKWLTKSFHFPLFMTMLHLAVIFLFSALSRALVQCSSHRARVVLSWADYLRRVAPTALATALDVGLSNWSFLYVTVSLYTMTKSSAVLFILIFSLIFKLEELRAALVLVVLLIAGGLFMFTYKSTQFNVEGFALVLGASFIGGIRWTLTQMLLQKAELGLQNPIDTMFHLQPLMFLGLFPLFAVFEGLHLSTSEKIFRFQDTGLLLRVLGSLFLGGILAFGLGFSEFLLVSRTSSLTLSIAGIFKEVCTLLLAAHLLGDQISLLNWLGFALCLSGISLHVALKALHSRGDGGPKALKGLGSSPDLELLLRSSQREEGDNEEEEYFVAQGQQ,SNWSFLYVTVSLYTMTKSSAVLFILIFS,365
0.034167536,1.5485237,0,MERLSQMAGRRAWCAEDSVPRQEEEDRTRPSKTVTFKDVAVDLTQEEWQQMKPAQRALYRDVMLETYSNLVTVGCQVTKPDVIFKLEQAEEPWVLEEEMFWRRSPEAARGRMKSFAFKDMAKDLRFEDVVIYFSLEEWECLRHSHRNLYRAVMLDNYSNLLSLSLADTKPRVVSLLEQGKEPWMVMRNETKIWHPDWVSRTEAKDSSKIKTLQEKMAKKHTCPTLEDSKTRGDREVTRELEGQQVHQEGHLRQAAVTSVERPDSVQCTAHREAHPGGKPCSSEKSQKTSLCQPPPIEREQLHSKAKASEHAQHGKVFNSCTSDTAVHPRPQESRKDSERKKSALAGGPDTSKPQSAQGSERPHKCKECGKAFHTPSQLSHHQKLHVGEKPYKCQECGKAFPSNAQLSLHHRVHTDEKCFECKECGKAFMRPSHLLRHQRIHTGEKPHKCKECGKAFRYDTQLSLHLLTHAGARRFECKDCDKVYSCASQLALHQMSHTGEKPHKCKECGKGFISDSHLLRHQSVHTGETPYKCKECGKGFRRGSELARHQRAHSGDKPYKCKECGKSFTCTTELFRHQKVHTGDRPHKCKECGKAFIRRSELTHHERSHSGEKPYECKECGKTFGRGSELSRHQKIHTGEKPYKCQQCGKAFIRGSHLTQHQRIHTGRRSE,TFKDVAVDLTQEEWQQMKPAQRALYRDVMLETYSNLVTVGCQVTKPDVIFKLEQAEEPWVLEEEMFWRRSP;RFEDVVIYFSLEEWECLRHSHRNLYRAVMLDNYSNLLSLSLADTKPRVVSLLEQGKEPWMVMRNETKIWHP;KCKECGKAFHTPSQLSHHQKLHVGEKP;KECGKAFHTPSQLSHHQKLH;KCQECGKAFPSNAQLSLHHRVHTDEKC;QECGKAFPSNAQLSLHHRVH;ECKECGKAFMRPSHLLRHQRIHTGEKP;KECGKAFMRPSHLLRHQRIH;KCKECGKAFRYDTQLSLHLLTHAGARR;KECGKAFRYDTQLSLHLLTH;ECKDCDKVYSCASQLALHQMSHTGEKP;KDCDKVYSCASQLALHQMSH;KCKECGKGFISDSHLLRHQSVHTGETP;KECGKGFISDSHLLRHQSVH;KCKECGKGFRRGSELARHQRAHSGDKP;KECGKGFRRGSELARHQRAH;KCKECGKSFTCTTELFRHQKVHTGDRP;KECGKSFTCTTELFRHQKVH;KCKECGKAFIRRSELTHHERSHSGEKP;KECGKAFIRRSELTHHERSH;ECKECGKTFGRGSELSRHQKIHTGEKP;KECGKTFGRGSELSRHQKIH;KCQQCGKAFIRGSHLTQHQRIHTGRRS;QQCGKAFIRGSHLTQHQRIH,671
0.99595475,0.28452885,0,MPPFISHFFLLSTFASLALCSFYCKNPGYPCLNGGTCLYNGECNCTSGFRGFNCGLDSSTISAACTVECHNKGICYNGDKCYCTKDYMGPTCQQAYDFADCNKSSMKIKAYRPTEFNGEMFLMQSMFGCKLAEVTSTIAGYKQYELDVPHDSTGPCKLKKTIDATTGDVHFEVNVSTIHHAGQFGMYDGLKTVSCHYSSRDQAIVKDVTNQDLIVSVTASDGSTPNLQEIPSNDVIHLTFKPVNLPGGYKAVKILDLEMYSVVEQWNEINSMVLLKDQCMTQKADELGYSVSNEVDGTSGRAILKAIPLFENVPAPVHFNYRLRFCRNRCILKSCASPSLKPMPKGEIFKHQGQGIRIV,FYCKNPGYPCLNGGTCLYNGECNCTSGFRGFNCG;NCTSGFRGFNC;NCTSGFRGFNC;SAACTVECHNKGICYNGDKCYCTKDYMGPTCQ;YCTKDYMGPTC,359
-1.1187526,1.3834728,0,MARRPILLGDQLVLEEDSDETYVPSEQEILDFARVIGIDPIKEPELMWLAREGIEAPLPKGWKPCQNITGDLYYFNFDTGQSIWDHPCDEHYRKLVIQERERWSAPGAIKKKDKKKKKEKKNKKDKETSKSPLVLGSPLALVQAPLWGLAPLRGLGDAPPSALRGSQSVSLGSSADSGHLGEPTLPPQGLKAAACAKGLLASVHEGKNALSLLTLGEETNEEDEEESDNQSVRSSSELLKNLHLDLGALGGNFEYEESPRTSQPDKKDVSLDSDADRPPTPGKLFSQGADSSVASANGSKSQGRGASPWNPQKENENSDPKASSSQMAPELDPGGDQPSRASKKQQAEDPVQAGKEGECRRESAAKEPKEASALENTSDVSEESEIHGHLKDARHSGSEASGPKSFLGLDLGFRSRISEHLLDGDTLSPVLGGGHWEAQGLDQEEQDDSKSSIAEPQSKHTQGSEREHLQSSLHSQATEEGPLQTLEGQPEWKEAEGPGKDSVASPAPLSLLQREQVLSPPASPERAEEKHSQAEELGLEQPEAEETEEKVAVCPSSPVSPEVQTAEPAAPQKLFSEAILKGMELEEDQRLLLEFQKEKPQQLEERLWEEEEEEVCQLYQQKEKSLSLLKAQLQKATAEEKEKEEETKIREEESRRLVCLRAQVQSRTEAFENQIRTEQQAALQRLREEAETLQKAERASLEQKSRRALEQLREQLEAEERSAQAALRAEKEAEKEAALLQLREQLEGERKEAVAGLEKKHSAELEQLCSSLEAKHQEVISSLQKKIEGAQQKEEAQLQESLGWAEQRAHQKVHQVTEYEQELSSLLRDKRQEVEREHERKMDKMKEEHWQEMADARERYEAEERKQRADLLGHLTGELERLRRAHERELESMRQEQDQQLEDLRRRHRDHERKLQDLEVELSSRTKDVKARLAQLNVQEENIRKEKQLLLDAQRQAALEREEATATHQHLEEAKKEHTHLLETKQQLRRTIDDLRVRRVELESQVDLLQAQSQRLQKHLSSLEAEVQRKQDVLKEMAAEMNASPHPEPGLHIEDLRKSLDTNKNQEVSSSLSLSKEEIDLSMESVRQFLSAEGVAVRNAKEFLVRQTRSMRRRQTALKAAQQHWRHELASAQEVDEDLPGTEVLGNMRKNLNEETRHLDEMKSAMRKGHDLLKKKEEKLIQLESSLQEEVSDEDTLKGSSIKKVTFDLSDMDDLSSESLESSPVLHITPTPTSADPNKIHYLSSSLQRISSELNGVLNVLGSLNSQPPPQGLGSQPPPPLFTSSLRSSKNVLDPAYSSQAKLSSLSSITPMSTQWAWDPGQGTKLTSSSSSQTVDDFLLEKWRKYFPSGIPLLSGSPPPPENKLGYVSVSEQLHFLQRSHPRVPRTDGVSIQSLIDSNRKWLEHFRNDPKVQLFSSAPKATTTSNLSNLLQLGLDENNRLNVFHY,PLPKGWKPCQNITGDLYYFNFDTGQSIWDHPCD,1446
0.10691379,-1.4740705,1,MFQFVKKKNEFLKFARLGSRAFTQNAQKTHSKGSNIALVSSSLLSVGMIALYYNVYGPSLSAGTPKEEGLHFIQHDWPQSKVLSGFDHASLRRGFQVYREVCSACHSLNLIAWRHLVGVTHTADEAKQMASEVEYEDGPDDEGNMFKRPGKLSDFLPPPYPNVEAARASNNGAAPPDLSCVVRGRHGGQDYIYSLLTGYTEPPAGVEVPDGMNFNPFFPGTQIAMARPLFDDAVEFEDGTPATTAQAAKDVVNFLHWASEPELDIRKKMGFQVITVLTILTALSMWYKRFKWTPIKNRKIFYQRPIK,SLRRGFQVYREVCSACHSLNLIAWRHLVGVTHTADEAKQMASEVEYEDGPDDEGNMFKRPGKLSDFLPPPYPNVEAARASNNGAAPPDLSCVVRGRHGGQDYIYSLLTGYTEPPAGVEVPDGMNFNPFFPGTQIAMARPLFDDAVEFEDGTPATTAQAAKDVVNFLHWAS,307
0.27476433,-0.117204286,0,MDYKNDINSDDDFDCSNGYSDSYGSNGRMSNPNGLSKAELRKTNKPIMEKRRRARINHCLNELKSLILEAMKKDPARHTKLEKADILEMTVKHLQSVQRQQLNMAIQSDPSVVQKFKTGFVECAEEVNRYVSQMDGIDTGVRQRLSAHLNQCANSLEQIGSMSNFSNGYRGGLFPATAVTAAPTPLFPSLPQDLNNNSRTESSAPAIQMGGLQLIPSRLPSGEFALIMPNTGSAAPPPGPFAWPGSAAGVAAGTASAALASIANPTHLNDYTQSFRMSAFSKPVNTSVPANLPENLIHTLPGQTQLPVKNSTSPPLSPISSISSHCEESRAASPTVDVMSKHSFAGVFSTPPPTSAETSFNTSGSLNLSAGSHDSSGCSRPLAHLQQQQVSSTSGIAKRDREAEAESSDCSLDEPSSKKFLAGAIEKSSSAWRPW,RKTNKPIMEKRRRARINHCLNELKSLILEAMKKDPARHTKLEKADILEMTVKHLQSV;KTGFVECAEEVNRYVSQMDGIDTGVRQRLSAHL,435
-1.100759,1.0381597,1,MDKLPPSMRKRLYSLPQQVGAKAWIMDEEEDGEEEGAGGRQDPSRRSIRLRPLPSPSPSVAAGCSESRGAALGATESEGPGRSAGKSSTNGDCRRFRGSLASLGSRGGGSGGAGGGSSLGHLHDSAEERRLIAAEGDASPGEDRTPPGLATEPERPATAAQPAASPPPQQPPQPASASCEQPSADTAIKVEGGAAAIDHILPEAEVRLGQSGFMQRQFGAMLQPGVNKFSLRMFGSQKAVEREQERVKSAGFWIIHPYSDFRFYWDLTMLLLMVGNLIIIPVGITFFKDENTTPWIVFNVVSDTFFLIDLVLNFRTGIVVEDNTEIILDPQRIKMKYLKSWFVVDFISSIPVEYIFLIVETRIDSEVYKTARAVRIVRFTKILSLLRLLRLSRLIRYIHQWEEIFHMTYDLASAVVRIVNLIGMMLLLCHWDGCLQFLVPMLQDFPHDCWVSINGMVNNSWGKQYSYALFKAMSHMLCIGYGRQAPVGMSDVWLTMLSMIVGATCYAMFIGHATALIQSLDSSRRQYQEKYKQVEQYMSFHKLPPDTRQRIHDYYEHRYQGKMFDEESILGELSEPLREEIINFNCRKLVASMPLFANADPNFVTSMLTKLRFEVFQPGDYIIREGTIGKKMYFIQHGVVSVLTKGNKETRLADGSYFGEICLLTRGRRTASVRADTYCRLYSLSVDNFNEVLEEYPMMRKKNSILLHKVQHDLNSGVFNYQENEIIQQIVRHDREMAHCAHRVQAAASATPTPTPVIWTPLIQAPLQAAAATTSVAIALTHHPRLPAAIFRPPPGPGLGNLGAGQTPRHPRRLQSLIPSALGSASPASSPSQVDTPSSSSFHIQQLAGFSAPPGLSPLLPSSSSSPPPGACGSPPAPTPSTSTAAAASTTGFGHFHKALGGSLSSSDSPLLTPLQPGARSPQAAQPPPPLPGARGGLGLLEHFLPPPPSSRSPSSSPGQLGQPPGELSLGLAAGPSSTPETPPRPERPSFMAGASGGASPVAFTPRGGLSPPGHSPGPPRTFPSAPPRASGSHGSLLLPPASSPPPPQVPQRRGTPPLTPGRLTQDLKLISASQPALPQDGAQTLRRASPHSSGESVAAFSLYPRAGGGSGSSGGLGPPGRPYGAIPGQHVTLPRKTSSGSLPPPLSLFGARAASSGGPPLTTAAPQREPGARSEPVRSKLPSNL,FANADPNFVTSMLTKLRFEVFQPGDYIIREGTIGKKMYFIQHGVVSVLTKGNKETRLADGSYFGEICLLTRGRRTASVRADTYCRLYSLSVDNFNEVLEEYPMMRKKN;IREGTIGKKMYFIQHG,1186
0.5489781,-1.4032702,0,MEMGRRIHLELRNRTPSDVKELVLDNSRSNEGKLEGLTDEFEELEFLSTINVGLTSIANLPKLNKLKKLELSDNRVSGGLEVLAEKCPNLTHLNLSGNKIKDLSTIEPLKKLENLKSLDLFNCEVTNLNDYRENVFKLLPQLTYLDGYDRDDKEAPDSDAEGYVEGLDDEEEDEDEEEYDEDAQVVEDEEDEDEEEEGEEEDVSGEEEEDEEGYNDGEVDDEEDEEELGEEERGQKRKREPEDEGEDDD,LEFLSTINVGLTSIANLPKLN;LKKLELSDNRVSGGLEVLAEKC;LTHLNLSGNKIKDLSTIEPLK;LKSLDLFNCEVTNLNDYRENV,249
-0.9203306,-0.12566088,0,MASLTLPALALALSNPGAVRLRAAAFRCWALRRRGWAAAGALASPNSVLSEHAFKRLQLGSDDEDGEGPYGSDADEGFEAGEGDNEELAIARLGLPDELVATLEKRGITHLFPIQRAVLIPALEGRDLIARAKTGTGKTLAFGIPMIKQLIEQDDGRITRRGRTPRVLVLAPTRELAKQVEKEIKESAPKLGTVCVYGGVSYNVQQNALSRGVDVVVGTPGRIIDLINGGSLQLGEVQYLVLDEADQMLAVGFEEDVETILQQLPAGRQSMLFSATMPSWVKKLSRRYLNNPLTIDLVGDQDEKLAEGIKLYAIPLTTTSKRTVLSDLITVYAKGGKTIVFTRTKKDADEVSLALTNSIASEALHGDISQHQRERTLNGFRQGKFTVLVATDVAARGLDIPNVDLIIHYELPNDPETFVHRSGRTGRAGKAGTAILMFTSSQKRTVKSLERDVGCNFEFISPPSIEEVLESSAEHVIATLRGVHPESTKYFLGAAEKLTEELGPHALASALAHLSGFSQPPSSRSLISHEQGWVTLQLTREQGFGRGFFSPRSVTGFLSDVCSAAADEVGKIYLTADENVQGAVFDLPEEIAKDLLTMELPPGNTLTKISKLPALQDDGPATDSYGRFSNDRGSRNNRRSRGGGASRGRGGWDTDGEDRFRRGGRSLRSDNDSWSDDDWSGGGRKSNRSSSFGSRSSSYSSRGSPSFGGRSSSFGGRESNRSFSGACFNCGESGHRATDCPNK,AIARLGLPDELVATLEKRGITHLFPIQR;IPALEGRDLIARAKTGTGKTLAFGIPMIKQLIEQDDGRITRRGRTPRVLVLAPTRELAKQVEKEIKESAPKLGTVCVYGGVSYNVQQNALSRGVDVVVGTPGRIIDLINGGSLQLGEVQYLVLDEADQMLAVGFEEDVETILQQLPAGRQSMLFSATMPSWVKKLSRRYLNNPLTI;LSDLITVYAKGGKTIVFTRTKKDADEVSLALTNSIASEALHGDISQHQRERTLNGFRQGKFTVLVATDVAARGLDIPNVDLIIHYELPNDPETFVHRSGRTGRAGKAGTAILMFTSSQKRTVKSLERDVGCNFEFISPPSIEEVL;FNCGESGHRATDCPN,743
5.4827847,0.9793068,0,MKTLLLTLVVVTIVCLDLGYSLICFNQETYRPETTTTCPDGEDTCYSTFWNDHHGVKIERGCGCPRVNPPISIICCKTDKCNN,CGCPRVNPPISIICCKTD,83
-1.2114525,0.5304753,1,MALSVDSSWHRWQWRVRDGFPHCPSETTPLLSPEKGRQSYNLTQQRVVFPNNSIFHQDWEEVSRRYPGNRTCTTKYTLFTFLPRNLFEQFHRWANLYFLFLVILNWMPSMEVFHREITMLPLAIVLFVIMIKDGMEDFKRHRFDKAINCSNIRIYERKEQTYVQKCWKDVRVGDFIQMKCNEIVPADILLLFSSDPNGICHLETASLDGETNLKQRCVVKGFSQQEVQFEPELFHNTIVCEKPNNHLNKFKGYMEHPDQTRTGFGCESLLLRGCTIRNTEMAVGIVIYAGHETKAMLNNSGPRYKRSKIERRMNIDIFFCIGILILMCLIGAVGHSIWNGTFEEHPPFDVPDANGSFLPSALGGFYMFLTMIILLQVLIPISLYVSIELVKLGQVFFLSNDLDLYDEETDLSIQCRALNIAEDLGQIQYIFSDKTGTLTENKMVFRRCTIMGSEYSHQENAKRLETPKELDSDGEEWTQYQCLSFSARWAQDPATMRSQKGAQPLRRSQSARVPIQGHYRQRSMGHRESSQPPVAFSSSIEKDVTPDKNLLTKVRDAALWLETLSDSRPAKASLSTTSSIADFFLALTICNSVMVSTTTEPRQRVTIKPSSKALGTSLEKIQQLFQKLKLLSLSQSFSSTAPSDTDLGESLGANVATTDSDERDDASVCSGGDSTDDGGYRSSMWDQGDILESGSGTSLEEALEAPATDLARPEFCYEAESPDEAALVHAAHAYSFTLVSRTPEQVTVRLPQGTCLTFSLLCTLGFDSVRKRMSVVVRHPLTGEIVVYTKGADSVIMDLLEDPACVPDINMEKKLRKIRARTQKHLDLYARDGLRTLCIAKKVVSEEDFRRWASFRREAEASLDNRDELLMETAQHLENQLTLLGATGIEDRLQEGVPDTIATLREAGIQLWVLTGDKQETAVNIAHSCRLLNQTDTVYTINTENQETCESILNCALEELKQFRELQKPDRKLFGFRLPSKTPSITSEAVVPEAGLVIDGKTLNAIFQGKLEKKFLELTQYCRSVLCCRSTPLQKSMIVKLVRDKLRVMTLSIGDGANDVSMIQAADIGIGISGQEGMQAVMSSDFAITRFKHLKKLLLVHGHWCYSRLARMVVYYLYKNVCYVNLLFWYQFFCGFSSSTMIDYWQMIFFNLFFTSLPPLVFGVLDKDISAETLLALPELYKSGQNSECYNLSTFWISMVDAFYQSLICFFIPYLAYKGSDIDVFTFGTPINTISLTTILLHQAMEMKTWTIFHGVVLLGSFLMYFLVSLLYNATCVICNSPTNPYWVMEGQLSNPTFYLVCFLTPVVALLPRYFFLSLQGTCGKSLISKAQKIDKLPPDKRNLEIQSWRSRQRPAPVPEVARPTHHPVSSITGQDFSASTPKSSNPPKRKHVEESVLHEQRCGTECMRDDSCSGDSSAQLSSGEHLLGPNRIMAYSRGQTDMCRCSKRSSHRRSQSSLTI,KTGTLT,1461
-0.40337774,-0.67276007,0,MSILKCLGVRGNQLCAARNYLKVLGFSSFHTAPNSSIEIQTQDEEVVIALGSNVGDRLHNFKEALKLMRKSGIHITRHASLYETAPAYVTDQPRFLNSAVRADTKLGPHELLAALKRIEKDMGRTDGIRYGPRPIDLDILFYGKFKVRSDILTVPHERIWERPFVMAPLMDLLGTAIDSDTVASWHSFSGHSGGLNALWEKLGGESLIGEEGMYRVMPVANGLLDWSRRTLVMGILNLTPDSFSDGGNFQSVKSAVSQARLMISEGADIIDIGAQSTRPMASRISAEEELGRLIPVLEAVMSIPEVEGKLISVDTFYSEVALEAVRKGAHIINDVSAGKLDASMFKVMAELDVPYVAMHMRGDPSTMQDSENLKYDNVCKDISSELYSRVREAEISGIPAWRIIMDPGIGFSKKTEDNLAALTGIPDIREEISKRSLAISHAPILIGPSRKRFLGEICSRPSAVDRDPATIASVTAGVLCGANIVRVHNVKDNLDAVKLCDAILKQKSSPIKFKQ,YGPRPIDLDIL;LVMGILNLTPDSFSDGGNFQSVKSAVSQARLMISEGADIIDIGAQSTRPMASRISAEEELGRLIPVLEAVMSIPEVEGKLISVDTFYSEVALEAVRKGAHIINDVSAGKLDASMFKVMAELDVPYVAMHMRGDPSTMQDSENLKYDNVCKDISSELYSRVREAEISGIPAWRIIMDPGIGFSKKTEDNLAALTGIPDIREEISKRSLAISHAPILIGPSRKRFLGEICSRPSAVDRDPATIASVTAGVLCGANIVRVHNVKDNLDAVK;MGILNLTPDSFSDGG;ADIIDIGAQSTRP,515
0.080555126,-0.24139309,0,MVMQFQGLENPIQISPHCSCTPSGFFMEMMSMKPAKGVLTEQVAGPLGQNLEVEPYSQYSNVQFPQVQPQISSSSYYSNLGFYPQQPEEWYSPGIYELRRMPAETLYQGETEVAEMPVTKKPRMGASAGRIKGDELCVVCGDRASGYHYNALTCEGCKGFFRRSITKNAVYKCKNGGNCVMDMYMRRKCQECRLRKCKEMGMLAECLLTEIQCKSKRLRKNVKQHADQTVNEDSEGRDLRQVTSTTKSCREKTELTPDQQTLLHFIMDSYNKQRMPQEITNKILKEEFSAEENFLILTEMATNHVQVLVEFTKKLPGFQTLDHEDQIALLKGSAVEAMFLRSAEIFNKKLPSGHSDLLEERIRNSGISDEYITPMFSFYKSIGELKMTQEEYALLTAIVILSPDRQYIKDREAVEKLQEPLLDVLQKLCKIHQPENPQHFACLLGRLTELRTFNHHHAEMLMSWRVNDHKFTPLLCEIWDVQ,ELCVVCGDRASGYHYNALTCEGCKGFFRRSITKNAVYKCKNGGNCVMDMYMRRKCQECRLRKCKEMGMLAECLLT;VVCGDRASGYHYNALTCEGCKGFFRR;QQTLLHFIMDSYNKQRMPQEITNKILKEEFSAEENFLILTEMATNHVQVLVEFTKKLPGFQTLDHEDQIALLKGSAVEAMFLRSAEIFNKKLPSGHSDLLEERIRNSGISDEYITPMFSFYKSIGELKMTQEEYALLTAIVILSPDRQYIKDREAVEKLQEPLLDVLQKLCKIHQPENPQHFACLLGRLTELRTFNHHHAEMLMSWRVNDHKFTPLLCEIWDVQ,482
-0.55343616,-1.1658671,0,MSSNSQEDNNKTTEKKNTLTVIDNRTGKSYEIPINHETVKSIDFRAIKEQSIDFGTMIYDPGYYNTAVCKSQITYIDGDRGILEYRGYPIEQLAEKSSFLEVSYLLIYGDLPSKEQSNLWNTKIMNHTFIHENLISMMKSFRYDAHPMGMLISSLSAMSTFYPEANPALAGVDIYKNKQLMNKQIFRILGKLPTIAACAYRHRIGRPYNDPSNTLSYTENFLYMLDRLSESNYKPHPVLTRALDKLFIIHADHELNCSTATMRQIASTLVDPYTACAGSAGALYGPLHGGANEAVLRMLEAIGTIENIPKFIEQVKQKKQRLMGFGHRVYKSYDPRAKILKTVTMEIFALLGKNPLMQIATELERLALSDSYFIERQLYPNVDFYSGIIYKSMGFPTDMFPVLFSIPRAAGWLAHWVEELADPELRIFRPRQIYMGRRNMNYVPMDARQVQQHNSGEKLSSFSSGFDRRRDVSEELFNFEDGAIPKTATGSKSQLSASIEQSFGEKISPQSH,FGHRVYKSYDPR,512
0.30067864,0.3624692,0,MDTCFFCGAVDLSDTGSSSSMRYETLSAKVPSSQKTVSLVLTHLANCIQTQLDLKPGARLCPRCFQELSDYDTIMVNLMTTQKRLTTQLKGALKSEFEVPESGEDILVEEVEIPQSDVETDADAEADALFVELVKDQEESDTEIKREFVDEEEEEDDDDDDEFICEDVDVGDSEALYGKSSDGEDRPTKKRVKQECTTCGKVYNSWYQLQKHISEEHSKQPNHICPICGVIRRDEEYLELHMNLHEGKTEKQCRYCPKSFSRPVNTLRHMRMHWDKKKYQCEKCGLRFSQDNLLYNHRLRHEAEENPIICSICNVSFKSRKTFNHHTLIHKENRPRHYCSVCPKSFTERYTLKMHMKTHEGDVVYGVREEAPADEQQVVEELHVDVDESEAAVTVIMSDNDENSGFCLICNTNFENKKELEHHLQFDHDVVLK,ECTTCGKVYNSWYQLQKHISEEHSKQPN;TTCGKVYNSWYQLQKHISEEH;ICPICGVIRRDEEYLELHMNLHEGKTE;QCRYCPKSFSRPVNTLRHMRMHWDKKK;RYCPKSFSRPVNTLRHMRMH;QCEKCGLRFSQDNLLYNHRLRHEAEEN;EKCGLRFSQDNLLYNHRLRH;ICSICNVSFKSRKTFNHHTLIHKENRP;SICNVSFKSRKTFNHHTLIH;YCSVCPKSFTERYTLKMHMKTHEGDVV;SVCPKSFTERYTLKMHMKTH;LICNTNFENKKELEHHLQFDH,433
-0.1666747,-0.38444042,0,MKMKNFLSKSLLVLLIGLIGVKSADLSDCFSSRSTWYEAIQHGNCGYEQLTGKLGPGNLMIAAAATALYNGSFACGECYEIYGPGGTGKVMIVDQCPDPGWCDTPFPHLDLSPTAFNTTIGSTVGVAMTTVKKVSCDVTGNIKAYMKDAATTNTWFEFMVFNHRVGIASISVEDSKGTITSLPRRLYNYWTYNGNAASFPVIAHVYSIYGDQVDIYLTSSAGAQLYEGVGQFADPATTFADDCTAPFPVDTDGYIYDNGLVKPLNYNHPNLGWSDWSNGVTVNWADSSTPGADSTSKVVASGTLAYNTGIQIGTDLPVEWEGRFTALEFYIKADKDFTGLVVEYNGASKSQTPSLTTTWTKYTYDLTKDLGAPASLGKPAALKFRNNGSGSVKVYLDKIRLTPVASS,GNCGYEQLTGKLGPGNLMIAAAATALYNGSFACGECYEIYGPGGTGKVMIVDQCPDPGWCDTPFPHLDLSPTAFNTTIGSTVGVAMTTVKKVSCDVTGN,407
1.1293879,-1.331048,1,MSGLSGPLSWPGPLLSALLFLFLLGPSSVLGISFHLPVNSRKCLREEIHKDLLVTGAYEITDQSGGAGGLRTHLKITDSAGHILYAKEDATKGKFAFTTEDYDMFEVCFESKGTGRIPDQLVILDMKHGVEAKNYEEIAKVEKLKPLEVELRRLEDLSESIVNDFAYMKKREEEMRDTNESTNTRVLYFSIFSMFCLIGLATWQVFYLRRFFKAKKLIE,KCLREEIHKDLLVTGAYEITDQSGGAGGLRTHLKITDSAGHILYAKEDATKGKFAFTTEDYDMFEVCFESKGTGRIPDQLVILDMKHGVEAKNYEEIAKVEKLKPLEVELRRLEDLSESIVNDFAYMKKREEEMRDTNESTNTRVLYFSIFS,219
-1.189636,-0.0025943771,0,MEDGFSSYSSLYDTSSLLQFCNDDSASAASSMEVSDRIASLEQRVQMQEDDIQLLKSALADVVRRLNITEEQQAVLNRKGPTKARPLGQTLPLRTTVNNGTVLPKKPSASLPAPSGARKEVVVPVTKSINRTSSSERVSPGGRRESSGDSKGSRNRTGSTSSSSSGKKNSESKPKEPAFSPEEGYVKMFLRGRPVTMYMPKDQVDSYSLEAKAELPTKRLKLEWVYGYRGRDCRNNLYLLPTGETVYFIASVVVLYNVEEQLQRHYAGHNDDVKCLAVHPDRITIATGQVAGTSKDGKQLPPHVRIWDSVTLNTLHVIGIGFFDRAVTCIAFSKSNGGGHLCAVDDSNDHVLSVWDWQKEERLADVKCSNEAVFAADFHPTDTNIIVTCGKSHLYFWTLEGNSLNKKQGLFEKQEKPKFVLCVTFSENGDTITGDSSGNILVWGKGTNRISYAVQGAHEGGIFALCMLRDGTLVSGGGKDRRLISWNGNYQKLHKAEIPEQFGPIRTVAEGKGNVILIGTTRNFVLQGTLSGDFTPITQGHTDELWGLAIHASKPQFLTCGHDKHATLWDAVGHRPVWDKIIEDPAQSSGFHPSGSVVAVGTLTGRWFVFDTETKDLVTVHTDGNEQLSVMRYSPDGNFLAIGSHDNCIYIYGVTDNGRKYTRVGKCSGHSSFITHLDWSVNSQFLVSNSGDYEILYWVPSACKQVVSVETTRDIEWATYTCTLGFHVFGVWPEGSDGTDINAVCRAHERKLLCTGDDFGKVHLFSYPCSQFRAPSHIYSGHSSHVTNVDFLCEDSHLISTGGKDTSIMQWRVI,RIWDSVTLNTLHVIGIGFFDRAVTCIAFSKSNGGGHLCAVDDSNDHVLSVWDWQKEERLADVKCSNEAVFAADFHPTDTNIIVTCGKSHLYFWTLEGNSLNKKQGLFEKQEKPKFVLCVTFSENGDTITGDSSGNILVWGKGTNRISYAVQGAHEGGIFALCMLRDGTLVSGGGKDRRLISWNGNYQKLHKAEIPEQFGPIRTVAEGKGNVILIGTTRNFVLQGTLSGDFTPITQGHTDELWGLAIHASKPQFLTCGHDKHATLWDAVGHRPVWDKIIEDPAQSSGFHPSGSVVAVGTLTGRWFVFDTETKDLVTVHTDGNEQLSVMRYSPDGNFLAIGSHDNCIYIYGVTDNGRKYTRVGKCSGHSSFITHLDWSVNSQFLVSNSGDYEILYWVPSACKQVVS;DSNDHVLSVWDW;SGGGKDRRLISWNG;QGHTDELWGLAIHASKPQFLTCGHDKHATLWD;LAIGSHDNCIYIYGVT;SGHSSFITHLDWSVNSQFLVSNSGDYEILYW;SGHSSHVTNVDFLCEDSHLISTGGKDTSIMQWRVI;SGHSSHVTNVDFLCEDSHLISTGGKDTSIMQWRVI,814
-1.1769296,0.7733689,0,MDISTRSKDPGSAERTAQKRKFPSPPHSSNGHSPQDTSTSPIKKKKKPGLLNSNNKEQSELRHGPFYYMKQPLTTDPVDVVPQDGRNDFYCWVCHREGQVLCCELCPRVYHAKCLRLTSEPEGDWFCPECEKITVAECIETQSKAMTMLTIEQLSYLLKFAIQKMKQPGTDAFQKPVPLEQHPDYAEYIFHPMDLCTLEKNAKKKMYGCTEAFLADAKWILHNCIIYNGGNHKLTQIAKVVIKICEHEMNEIEVCPECYLAACQKRDNWFCEPCSNPHPLVWAKLKGFPFWPAKALRDKDGQVDARFFGQHDRAWVPINNCYLMSKEIPFSVKKTKSIFNSAMQEMEVYVENIRRKFGVFNYSPFRTPYTPNSQYQMLLDPTNPSAGTAKIDKQEKVKLNFDMTASPKILMSKPVLSGGTGRRISLSDMPRSPMSTNSSVHTGSDVEQDAEKKATSSHFSASEESMDFLDKSTASPASTKTGQAGSLSGSPKPFSPQLSAPITTKTDKTSTTGSILNLNLDRSKAEMDLKELSESVQQQSTPVPLISPKRQIRSRFQLNLDKTIESCKAQLGINEISEDVYTAVEHSDSEDSEKSDSSDSEYISDDEQKSKNEPEDTEDKEGCQMDKEPSAVKKKPKPTNPVEIKEELKSTSPASEKADPGAVKDKASPEPEKDFSEKAKPSPHPIKDKLKGKDETDSPTVHLGLDSDSESELVIDLGEDHSGREGRKNKKEPKEPSPKQDVVGKTPPSTTVGSHSPPETPVLTRSSAQTSAAGATATTSTSSTVTVTAPAPAATGSPVKKQRPLLPKETAPAVQRVVWNSSSKFQTSSQKWHMQKMQRQQQQQQQQNQQQQPQSSQGTRYQTRQAVKAVQQKEITQSPSTSTITLVTSTQSSPLVTSSGSMSTLVSSVNADLPIATASADVAADIAKYTSKMMDAIKGTMTEIYNDLSKNTTGSTIAEIRRLRIEIEKLQWLHQQELSEMKHNLELTMAEMRQSLEQERDRLIAEVKKQLELEKQQAVDETKKKQWCANCKKEAIFYCCWNTSYCDYPCQQAHWPEHMKSCTQSATAPQQEADAEVNTETLNKSSQGSSSSTQSAPSETASASKEKETSAEKSKESGSTLDLSGSRETPSSILLGSNQGSDHSRSNKSSWSSSDEKRGSTRSDHNTSTSTKSLLPKESRLDTFWD,FYCWVCHREGQVLCCELCPRVYHAKCLRLTSEPEGDWFCPECEKI;WVCHREGQVLCCELCPRVYHAKCLRLTSEPEGDWFCPEC;KQPGTDAFQKPVPLEQHPDYAEYIFHPMDLCTLEKNAKKKMYGCTEAFLADAKWILHNCIIYNGGNHKLT;HPLVWAKLKGFPFWPAKALRDKDGQVDARFFGQHDRAWVPINNCYLMSKE;ANCKKEAIFYCCWNTSYCDYPCQQAHWPEHMKSC;ANCKKEAIFYCCWNTSYCDYPCQQAHWPEHMKSC,1186
0.7448346,0.47821754,0,MTVARPSVPAALPLLGELPRLLLLVLLCLPAVWGDCGLPPDVPNAQPALEGRTSFPEDTVITYKCEESFVKIPGEKDSVICLKGSQWSDIEEFCNRSCEVPTRLNSASLKQPYITQNYFPVGTVVEYECRPGYRREPSLSPKLTCLQNLKWSTAVEFCKKKSCPNPGEIRNGQIDVPGGILFGATISFSCNTGYKLFGSTSSFCLISGSSVQWSDPLPECREIYCPAPPQIDNGIIQGERDHYGYRQSVTYACNKGFTMIGEHSIYCTVNNDEGEWSGPPPECRGKSLTSKVPPTVQKPTTVNVPTTEVSPTSQKTTTKTTTPNAQATRSTPVSRTTKHFHETTPNKGSGTTSGTTRLLSVLFM,DCGLPPDVPNAQPALEGRTSFPEDTVITYKCEESFVKIPGEKDSVICLKGSQWSDIEEFC;SCEVPTRLNSASLKQPYITQNYFPVGTVVEYECRPGYRREPSLSPKLTCLQNLKWSTAVEFCKK;SCPNPGEIRNGQIDVPGGILFGATISFSCNTGYKLFGSTSSFCLISGSSVQWSDPLPECRE;YCPAPPQIDNGIIQGERDHYGYRQSVTYACNKGFTMIGEHSIYCTVNNDEGEWSGPPPECRG,364
-0.48490977,1.1798326,0,MNRATITSNKSNAPSFLSIPLLAHNNNINNNNNNINNNNNNNNINSNNNGTTTTTTTTTITTISYKNNISELITIIDKIIKDLNNFKSKTVLNDQEFSELNNTIQFTKTSLVNYIHYENENKINFNLSDSKIICSEIKIIEYGIESFIFSICKLYQDLIQFQQLLLKLSSPPTTITFNTTINSTNSFTSNLIINNLLKVDSILKQSIDQLLALFPPSSSSLNNENNNNNNNNYNPYELLSNEAKVLWNQFGGNKITFVPWSIFFKGFQKFFNKEILAYESSLRYTLDFTRDGYVTPFKLSVFIKWFGALPVSLGIFQDVINSKIFSGFISGIEATQLLSRQQVGYYLLRCSKTIVGAFAITFVDSTNHIRHCLLYPVTSSINGGLTLQKPPDIFKSILSFILSFSSKLKYPIGPLDNDLLPPLSIINNNPILILPDENNNNQNNNQNNNNNNINTFSTSPSSFFTIDSSNSSDTNKSPTKSRKSSFKNDKDKKEKEKEKGKDKEKEKERVSDENFDNLPTFLNSEDENDNNNNNNNNNNNNNNNNNNNNNNNNNNSSNNNNCNIKETHQTTSNGSSGNNNNNNNNNNNNNNNNNNNNSSSTTKRNNNNNGSDESKDLCTVCMDNEINTVFLECGHLSCCSLCSVKLKKCPICRSRITRVINIFKS,SLVNYIHYENENKINFNLSDSKIICSEIKIIEYGIESFIFSICKLYQDLIQFQQLLLKLSSPPTTITFNTTINSTNSFTSNLIINNLLKVDSILKQSIDQLLALFPPSSSSLNNENNNNNNNNYNPYELLSNEAKVLWNQFGGNKITFVPWSIFFKGFQKFFNKEILAYESSLRYTLDFTRDGYVTPFKLSVFIKWFGALPVSLGIFQDVINSKIFSGFISGIEATQLLSRQQVGYYLLRCSKTIVGAFAITFVDSTNHIRHCLLYPVTSSINGGLTLQKPPDIFKSILSF;TVCMDNEINTVFLECGHLSCCSLCSVKLKKCPICR,665
-0.86824274,0.97880536,0,MNHLNVLAKALYDNVAESPDELSFRKGDIMTVLEQDTQGLDGWWLCSLHGRQGIVPGNRLKILVGMYDKKPAGPGPGPPATPAQPQPGLHAPAPPASQYTPMLPNTYQPQPDSVYLVPTPSKAQQGLYQVPGPSPQFQSPPAKQTSTFSKQTPHHPFPSPATDLYQVPPGPGGPAQDIYQVPPSAGMGHDIYQVPPSMDTRSWEGTKPPAKVVVPTRVGQGYVYEAAQPEQDEYDIPRHLLAPGPQDIYDVPPVRGLLPSQYGQEVYDTPPMAVKGPNGRDPLLEVYDVPPSVEKGLPPSNHHAVYDVPPSVSKDVPDGPLLREETYDVPPAFAKAKPFDPARTPLVLAAPPPDSPPAEDVYDVPPPAPDLYDVPPGLRRPGPGTLYDVPRERVLPPEVADGGVVDSGVYAVPPPAEREAPAEGKRLSASSTGSTRSSQSASSLEVAGPGREPLELEVAVEALARLQQGVSATVAHLLDLAGSAGATGSWRSPSEPQEPLVQDLQAAVAAVQSAVHELLEFARSAVGNAAHTSDRALHAKLSRQLQKMEDVHQTLVAHGQALDAGRGGSGATLEDLDRLVACSRAVPEDAKQLASFLHGNASLLFRRTKATAPGPEGGGTLHPNPTDKTSSIQSRPLPSPPKFTSQDSPDGQYENSEGGWMEDYDYVHLQGKEEFEKTQKELLEKGSITRQGKSQLELQQLKQFERLEQEVSRPIDHDLANWTPAQPLAPGRTGGLGPSDRQLLLFYLEQCEANLTTLTNAVDAFFTAVATNQPPKIFVAHSKFVILSAHKLVFIGDTLSRQAKAADVRSQVTHYSNLLCDLLRGIVATTKAAALQYPSPSAAQDMVERVKELGHSTQQFRRVLGQLAAA,LNVLAKALYDNVAESPDELSFRKGDIMTVLEQDTQGLDGWWLCSLHGRQGIVPGNRLKILVG,870
-0.8168099,-0.2716539,1,MAARGGRSEPPQLAEYSCSYTVSRPVYSELAFQQQRERRLPERRTLRDSLARSCSCSRKRAFGVVKTLLPILDWLPKYRVKEWLLSDIISGVSTGLVGTLQGMAYALLAAVPVQFGLYSAFFPILTYFVFGTSRHISVGPFPVVSLMVGSVVLSMAPDDHFLVPSGNGSALNSTTLDTGTRDAARVLLASTLTLLVGIIQLVFGGLQIGFIVRYLADPLVGGFTTAAAFQVLVSQLKIVLNVSTKNYNGILSIIYTLIEIFQNIGDTNIADFIAGLLTIIVCMAVKELNDRFKHRIPVPIPIEVIVTIIATAISYGANLEKNYNAGIVKSIPSGFLPPVLPSVGLFSDMLAASFSIAVVAYAIAVSVGKVYATKHDYVIDGNQEFIAFGISNVFSGFFSCFVATTALSRTAVQESTGGKTQVAGLISAVIVMVAIVALGRLLEPLQKSVLAAVVIANLKGMFMQVCDVPRLWKQNKTDAVIWVFTCIMSIILGLDLGLLAGLLFALLTVVLRVQFPSWNGLGSVPSTDIYKSITHYKNLEEPEGVKILRFSSPIFYGNVDGFKKCINSTVGFDAIRVYNKRLKALRRIQKLIKKGQLRATKNGIISDIGSSNNAFEPDEDVEEPEELNIPTKEIEIQVDWNSELPVKVNVPKVPIHSLVLDCGAVSFLDVVGVRSLRMIVKEFQRIDVNVYFALLQDDVLEKMEQCGFFDDNIRKDRFFLTVHDAILHLQNQVKSREGQDSLLETVARIRDCKDPLDLMEAEMNAEELDVQDEAMRRLAS,QFGLYSAFFPILTYFVFGTSR;YKNLEEPEGVKILRFSSPIFYGNVDGFKKCINSTVGFDAIRVYNKRLKALRRIQKLIKKGQLRATKNGIISDIGSSNNAFEPDEDVEEPEELNIPTKEIEIQVDWNSELPVKVNVPKVPIHSLVLDCGAVSFLDVVGVRSLRMIVKEFQRIDVNVYFALLQDDVLEKMEQCGFFDDNIRKDRFFLTVHDAILHL,780
-0.94301397,0.91484976,0,MAHEAMEYDVQVQLNHAEQQPAPAGMASSQGGPALLQPVPADVVSSQGVPSILQPAPAEVISSQATPPLLQPAPQLSVDLTEVEVLGEDTVENINPRTSEQHRQGSDGNHTIPASSLHSMTNFISGLQRLHGMLEFLRPSSSNHSVGPMRTRRRVSASRRARAGGSQRTDSARLRAPLDAYFQVSRTQPDLPATTYDSETRNPVSEELQVSSSSDSDSDSSAEYGGVVDQAEESGAVILEEQLAGVSAEQEVTCIDGGKTLPKQPSPQKSEPLLPSASMDEEEGDTCTICLEQWTNAGDHRLSALRCGHLFGYRCISTWLKGQVRKCPQCNKKARHSDIVVLYARTLRALDTSEQERMKSSLLKEQMLRKQAELESAQCRLQLQVLTDKCTRLQRRVQDLQKLTSHQSQNLQQPRGSQAWVLSCSPSSQGQHKHKYHFQKTFTVSQAGNCRIMAYCDALSCLVISQPSPQASFLPGFGVKMLSTANMKSSQYIPMHGKQIRGLAFSSYLRGLLLSASLDNTIKLTSLETNTVVQTYNAGRPVWSCCWCLDEANYIYAGLANGSILVYDVRNTSSHVQELVAQKARCPLVSLSYMPRAASAAFPYGGVLAGTLEDASFWEQKMDFSHWPHVLPLEPGGCIDFQTENSSRHCLVTYRPDKNHTTIRSVLMEMSYRLDDTGNPICSCQPVHTFFGGPTCKLLTKNAIFQSPENDGNILVCTGDEAANSALLWDAASGSLLQDLQTDQPVLDICPFEVNRNSYLATLTEKMVHIYKWE,TICLEQWTNAGDHRLSALRCGHLFGYRCISTWLKGQVRKCPQCN,774
-0.015872976,1.6132213,0,MCSEARLARRLRDALREEEPWAVEELLRCGADPNLVLEDGAAAVHLAAGARHPRGLRCLGALLRQGGDPNARSVEALTPLHVAAAWGCRRGLELLLSQGADPALRDQDGLRPLDLALQQGHLECARVLQDLDTRTRTRTRIGAETQEPEPAPGTPGLSGPTDETLDSIALQKQPCRGDNRDIGLEADPGPPSLPVPLETVDKHGSSASPPGHWDYSSDASFVTAVEVSGAEDPASDTPPWAGSLPPTRQGLLHVVHANQRVPRSQGTEAELNARLQALTLTPPNAAGFQSSPSSMPLLDRSPAHSPPRTPTPGASDCHCLWEHQTSIDSDMATLWLTEDEASSTGGREPVGPCRHLPVSTVSDLELLKGLRALGENPHPITPFTRQLYHQQLEEAQIAPGPEFSGHSLELAAALRTGCIPDVQADEDALAQQFEQPDPARRWREGVVKSSFTYLLLDPRETQDLPARAFSLTPAERLQTFIRAIFYVGKGTRARPYVHLWEALGHHGRSRKQPHQACPKVRQILDIWASGCGVVSLHCFQHVVAVEAYTREACIVEALGIQTLTNQKQGHCYGVVAGWPPARRRRLGVHLLHRALLVFLAEGERQLHPQDIQARG,RDALREEEPWAVEELLRCGADPNLVLEDGAAAVHLAAGARHPRGLRCLGALLRQGGDPNARSVEALTPLHVAAAWGCRRGLELLLSQGADPALRDQDGLRPLDLALQQGHLECARVLQDLDTRTRTRTR;GAAAVHLAAGARHPRGLRCLGALLRQGGDPNARSV;ALTPLHVAAAWGCRRGLELLLSQGADPALRDQ;LPVSTVSDLELLKGLRALGENPHPITPFTRQLYHQQLEEAQIAP;SSFTYLLLDPRETQDLPARAFSLTPAERLQTFIRAIFYVGKGTRARPYVHLWEALGHHGRSRKQPHQACPKVRQILDIWASGCGVVSLHCFQHVVAVEAYTREACIVEALGIQTLTNQ,615
-0.9751863,-0.33843985,0,MTDSLEYNDINAEVRGVLCSGRLKMTEQNIIFKNTKTGKVEQISAEDIDLINSQKFVGTWGLRVFTKGGVLHRFTGFRDSEHEKLGKFIKAAYSQEMVEKEMCVKGWNWGTARFMGSVLSFDKESKTIFEVPLSHVSQCVTGKNEVTLEFHQNDDAPVGLLEMRFHIPAVESAEEDPVDKFHQNVMSKASVISASGESIAIFREIQILTPRGRYDIKIFSTFFQLHGKTFDYKIPMDSVLRLFMLPHKDSRQMFFVLSLDPPIKQGQTRYHYLVLLFAPDEETTIELPFSEAELRDKYEGKLEKEISGPVYEVMGKVMKVLIGRKITGPGNFIGHSGTAAVGCSFKAAAGYLYPLERGFIYIHKPPLHIRFEEISSVNFARSGGSTRSFDFEVTLKNGTVHIFSSIEKEEYAKLFDYITQKKLHVSNMGKDKSGYKDVDFGDSDNENEPDAYLARLKAEAREKEEDDDDGDSDEESTDEDFKPNENESDVAEEYDSNVESDSDDDSDASGGGGDSDGAKKKKEKKSEKKEKKEKKHKEKERTKKPSKKKKDSGKPKRATTAFMLWLNDTRESIKRENPGIKVTEIAKKGGEMWKELKDKSKWEDAAAKDKQRYHDEMRNYKPEAGGDSDNEKGGKSSKKRKTEPSPSKKANTSGSGFKSKEYISDDDSTSSDDEKDNEPAKKKSKPPSDGDAKKKKAKSESEPEESEEDSNASDEDEEDEASD,KRATTAFMLWLNDTRESIKRENPGIKVTEIAKKGGEMWKELKDKSKWEDAAAKDKQRYHDEMRNYK,723
-0.5653521,0.11067676,1,MKAAVRSVKNFSKGYTDTQIKVRNATTNDSWGPSGTAMAEIAELTYDQNEMLEVMDIIDRRLNDKGKNWRHVFKSLSLLEYCLHNGSENVVRWAKDNIYIITTLREFVYVDDNGHDQGQNVRTKAKEITSLLEDEHALKEARGDSRERDRDRDRTRSSRFDDDDDDRAPYEESRLSRAPSRASRYDDDDRDHRSRRRSRSRRPGRSRSRRRSRRPSPSAEHNSAEENDPELQRVIEESKRQAEEDAKRRNMANDSEAELQKAIQLSKEEDEARQRHQREREQQEQAFMGNQQNAYQPVDFFGNPVQPQPTGFLQQQPTGFIRPQNTGFVQPQYTGFVQPQHTGFVQPQATGFMQPQRTGFVQPQATGFVQPQATGFVQPQATGFMQPQRTGFVQPQATGFMQPQRTGFVQPQATGFMQPQRTGFVQPQATGFIQPQRTGFVQPQQNGFFNPQPTGYMQPQRTGMMQPQRTGFSQPFESNNPFPVMQPQRTGFGQTPNAPMMAPNHTGYVHPQPTGLQRQTTGYTGNNNPYSRPLQSQSTGILQQQQQQSAPRLEPTKTGSNNPFAQFSNLPSQSTAPATKPMKPVRTGDDRFSNIAQAISTGNPMGTDSFGNIGLTRVPTQHTGSKFTNSAGQTIQAQATGNTHNPFQSQQATGYYKQPMQQQQNMQQPYYNQQNYNYQNQQPMQGMQQQSMQPQVGSLIDL,FSKGYTDTQIKVRNATTNDSWGPSGTAMAEIAELTYDQNEMLEVMDIIDRRLNDKGKNWRHVFKSLSLLEYCLHNGSENVVRWAKDNIYIITTLREFVYVDDNGHDQGQNVRTKAKEITSLLEDEHALKEAR;NDPELQRVIEESKRQAEED;SEAELQKAIQLSKEEDEAR,702
0.42134157,0.49657962,0,MELSAVGERVFAAEALLKRRIRKGRMEYLVKWKGWSQKYSTWEPEENILDARLLAAFEEREREMELYGPKKRGPKPKTFLLKAQAKAKAKTYEFRSDSARGIRIPYPGRSPQDLASTSRAREGLRNMGLSPPASSTSTSSTCRAEAPRDRDRDRDRDRERDRERERERERERERERERERGTSRVDDKPSSPGDSSKKRGPKPRKELPDPSQRPLGEPSAGLGEYLKGRKLDDTPSGAGKFPAGHSVIQLARRQDSDLVQCGVTSPSSAEATGKLAVDTFPARVIKHRAAFLEAKGQGALDPNGTRVRHGSGPPSSGGGLYRDMGAQGGRPSLIARIPVARILGDPEEESWSPSLTNLEKVVVTDVTSNFLTVTIKESNTDQGFFKEKR,AAEALLKRRIRKGRMEYLVKWKGWSQKYSTWEPEENILDARLLAAFEEREREMELYGP;LVKWKGWSQKYSTWEPEENI,389
